SMILES sequence,Binding Affinity
Cc1ccc(C2CNCCN2C)cc1,-10.0
CCOC(CO)c1ccccc1,-10.0
CC(=O)Nc1cnn(C)n1,-10.0
CCC(C)NCc1ncccn1,-10.0
CC(C)=C1CC(N)C1,-10.0
CN1CCCc2cc(CON)ccc21,-10.0
CC12CNCC1CN(CC(N)=O)C2,-10.0
CCNC(C)C(C)c1cnccc1C,-10.0
CCN(Cc1ccccc1)C(C)CCCNC,-10.0
CCC(=O)c1cc(C)ccn1,-10.0
C=CC(O)c1cc(C)ccn1,-10.0
C#CCCOc1cnccc1C,-10.0
Cn1nc2ccccc2c1S(N)(=O)=O,-10.0
Cn1cnn(CC(N)=O)c1=O,-10.0
CC(NCCSc1ccccc1)c1ccncc1,-10.0
Cc1ccsc1-c1ccc(O)nc1,-10.0
N#Cc1ncccc1N1CC2CC1CN2,-10.0
N#Cc1cnccc1SCC(N)=O,-10.0
N#Cc1ccc(C2NCCCCC2=O)cn1,-10.0
CC(C)C(C)Sc1ccc(C#N)cn1,-10.0
Cc1ccnc(C=CCCN)c1,-10.0
CCOC(CC)C(=O)c1cnccc1C,-10.0
Cc1ccncc1C(O)CNCC(C)C,-10.0
CS(=O)(=O)c1ncc(N)cn1,-10.0
OCC(O)CCSCc1ccccc1,-10.0
COC(=O)CNCc1cc(C)ccn1,-10.0
CCOC(c1ccccc1)C(CC)NN,-10.0
Cc1ccncc1C(=O)CCCN(C)C,-10.0
C=CCCSCCNc1cc(C)ccn1,-10.0
CCNC(=S)NNC(=O)Cc1ccccc1,-10.0
OC(CCCc1ccccc1)c1cccnc1,-10.0
CC(=O)CC(C)c1cnccc1C,-10.0
CN1CCC(O)(c2ccoc2)CC1,-10.0
Cc1ccnc(NC(=O)C#CCN)c1,-10.0
N#Cc1cnccc1NCCCO,-10.0
CCSCc1cncc(C#N)c1,-10.0
NC1=CCOC1=O,-10.0
CNC(CSC1CCCCC1)Cc1cccnc1,-10.0
COC(=O)c1ccc(C(C)C=O)cc1,-10.0
CC(=O)CC(O)c1cnccc1C,-10.0
CCCNCc1ccccc1S(N)(=O)=O,-10.0
N#Cc1nccnc1N1CCCOCC1,-10.0
CCC(CC)Oc1ncccc1C#N,-10.0
CC(C)(C)C(C)(N)c1ccccc1,-10.0
CN(C)NCc1ccccc1,-10.0
NC12CCCC1CNC2,-10.0
C(=Cc1ccccc1)CNCc1cccnc1,-10.0
CCNCCNc1ncccc1C#N,-10.0
CC(C)OCc1ccc(C#N)cn1,-10.0
NC1Cc2csnc2C1,-10.0
Cc1ccsc1C1NCCCCC1O,-10.0
N#CCCNCc1cncnc1,-10.0
COC(=O)c1ccccc1C#CCO,-10.0
N#CC1CN(CCN)C(=O)O1,-10.0
CC(CCO)Nc1ccc(C#N)cn1,-10.0
NC1CC2(CCNC2=O)C1,-10.0
C#CC(CO)NCc1cnccc1C,-10.0
CN1CCCc2cccc(OCC#N)c21,-10.0
NNC(c1ccncc1)C1CCCCC1,-10.0
C#CCCSc1ncccn1,-10.0
Cc1ccncc1C(C)(N)C(C)C,-10.0
NS(=O)(=O)c1ccc(SCCO)cc1,-10.0
Cc1ccnc(CC(=O)C(=O)O)c1,-10.0
CN1CC2CCN(CC(N)=O)C2C1,-10.0
O=C=NCc1ccncn1,-10.0
Cc1cscc1C1CC(O)CN1,-10.0
O=C(CC1CCCCC1)NC1CCCNCC1,-10.0
CC(O)Cc1cncnc1,-10.0
CCC(CC)Oc1ccc(C#N)cn1,-10.0
Cc1ccnc(NN=CC(C)C)c1,-10.0
COC(CNCCCOCc1ccccc1)OC,-10.0
N#Cc1ncccc1C1CCCCC1,-10.0
NC1COC2COCC12,-10.0
COC(=O)c1ccccc1C=CCCO,-10.0
CCCC(C)Sc1ncccn1,-10.0
CC(C)CC(=O)NCCCc1ccccc1,-10.0
CCC(CC#N)Nc1ccc(C#N)cn1,-10.0
CCCC(C)C(=O)c1cc(C)ccn1,-10.0
CCOc1cncnc1,-10.0
NCCCCC(O)c1ccccc1,-10.0
N#CCNc1ccncc1C#N,-10.0
N#Cc1cnccc1NCC=CCN,-10.0
CCCOCC(NC)c1cc(C)ccn1,-10.0
Nc1ccc(S(N)(=O)=O)cc1,-10.0
c1cncc(OCCNC2CCCCC2)c1,-10.0
CSCC(C)CNc1ncccc1C#N,-10.0
CC(N)CNc1cncnc1,-10.0
CC(C)(N)CNC(=O)Cc1ccccc1,-10.0
NC(CO)c1ccncn1,-10.0
CC(=O)OCSc1ncccn1,-10.0
CN1CCCc2cccc(C=O)c21,-10.0
CCNc1cc(NCC(C)(C)O)ccn1,-10.0
CCC(CC)CC(=O)COCc1ccccc1,-10.0
C=CCCC(=O)OCc1ccccc1,-10.0
CN(CCCO)C(=O)Oc1ccccc1,-10.0
CSCCC(=O)c1cncnc1,-10.0
CC(C)CCCC(O)CCOCc1ccccc1,-10.0
COc1ccncc1C#N,-10.0
CNc1nc(N)ncc1N,-10.0
c1ccc(CONCCNc2ccncc2)cc1,-10.0
Cc1ccncc1C(=O)NCC=CCN,-10.0
CSCCCCNCCOCc1ccccc1,-10.0
CCCCC(Nc1ccccc1)C(N)=O,-10.0
CC(C(=O)O)c1cncnc1,-10.0
CCOC(=O)C#Cc1cc(C)ccn1,-10.0
CCNc1sccc1C#N,-10.0
NC1CCC12CCCO2,-10.0
CCSc1ccc(C(=O)OC)cc1,-10.0
CN(c1ccncc1C#N)C(C)(C)CO,-10.0
Cc1ccncc1NC(=S)NC(C)C,-10.0
O=C(CC1C=CCC1)Nc1cccnc1,-10.0
CC(O)(CN)CCCCSc1ccccc1,-10.0
CCC(CC)C(=O)c1cc(C)ccn1,-10.0
CCC(C)NCCC(=O)NCc1ccccc1,-10.0
CCOC(=O)CNc1cc(C)ccn1,-10.0
CNC(CN)c1ccncn1,-10.0
C#CCCC(N)c1cncnc1,-10.0
NN=Cc1ccc(S(N)(=O)=O)cc1,-10.0
CNCCSc1ccncn1,-10.0
CN=C1SC(CC(N)=O)C(=O)N1C,-10.0
C=CCCC(=O)Nc1ccc(C#N)cn1,-10.0
CC(CO)CN(C)c1ccncc1C#N,-10.0
CC(CN)Sc1ncccc1C#N,-10.0
CCNc1cc(OC(C)CC)ccn1,-10.0
CN(C)CCCCNc1ccc(C#N)cn1,-10.0
CC(C)C(CN)Nc1ccc(C#N)cn1,-10.0
Cc1ccnc(NC(=O)CCCCO)c1,-10.0
CN(CCN)c1cncnc1,-10.0
N#Cc1ncccc1C1CNCCOC1,-10.0
CCNC(C)C(=O)Nc1cc(C)ccn1,-10.0
CCNc1cccc(C(N)=S)n1,-10.0
C#CCCCOc1ccnc(NCC)c1,-10.0
Cc1ccncc1CNCCCCC#N,-10.0
c1cc(CNC2CCCCC2)ccn1,-10.0
Cc1ccncc1OCC(C)O,-10.0
Cc1ccncc1NCC(C)C(C)C,-10.0
C=CCC(=O)C(O)c1cnccc1C,-10.0
C=CCC(=O)NCC(N)c1ccccc1,-10.0
C=Cc1ccccc1S(N)(=O)=O,-10.0
CCCNCCOCCN(C)Cc1ccccc1,-10.0
C=CCc1cc(C)ccn1,-10.0
CC(Sc1ccncc1C#N)C(=O)O,-10.0
Cc1ccncc1CNCC(C)C,-10.0
CC(N)C(C)(O)c1cncnc1,-10.0
C#CCCC(O)CNc1cc(C)ccn1,-10.0
NC(CSc1ccccc1)Cc1ccncc1,-10.0
CC(C)(N)c1ccncn1,-10.0
NC1CCS(=O)(=O)C1,-10.0
CCCCC(O)(CC)Cc1ccccc1,-10.0
CCC=CCNc1ccncc1C#N,-10.0
CCCCC(NC)c1cnccc1C,-10.0
CCNC(=S)Nc1cncnc1,-10.0
CC1CC2(CCC2)CN1CC(N)=O,-10.0
Cc1ccncc1NC(=O)C=CCN,-10.0
CN1CCCc2cccc(N)c21,-10.0
CCNc1ncnc(O)c1N,-10.0
CNC(=O)NCc1cncc(C#N)c1,-10.0
CCNC1(C#N)CC2CNC(C2)C1,-10.0
CC(CCO)Sc1ccncn1,-10.0
CCN(CC)Cc1cc(C)ccn1,-10.0
Cc1ccc(SCC2CNCCN2C)cc1,-10.0
CCN(CCN)C(=O)COc1ccccc1,-10.0
CC(C)C(N)CC(O)Cc1ccccc1,-10.0
CC(ON)c1ccccc1S(N)(=O)=O,-10.0
C#CCCCNc1ccncc1C#N,-10.0
Cc1ccncc1OCCC(C)CCS,-10.0
CC(C)=CCNCc1cncc(C#N)c1,-10.0
CNCCC(C)CCc1ccccc1,-10.0
CC(O)C(C)Sc1ccncn1,-10.0
CN1c2ccccc2CCC1C(=O)O,-10.0
Cc1ccncc1OCCCC(C)C,-10.0
OC1CCN(CC2CCNCC2)CC1,-10.0
O=C(CC1CCC1)Nc1cccnc1,-10.0
NC(c1ccncc1)C1CCCCC1,-10.0
COc1ncc(N)c(N)n1,-10.0
CCCNc1cncc(N2CCCOCC2)c1,-10.0
Cc1ccncc1C(=O)C(C)C(C)C,-10.0
C=C(CNCC)c1ccccc1,-10.0
CC(C)(C)CCC=C1CC(N)C1,-10.0
CCNc1cccc(NCCSSC)n1,-10.0
c1ccc(CCNc2cccnc2)cc1,-10.0
COCCN(C)C(=O)NCc1ccccc1,-10.0
CN(C)CCCSc1ccncc1C#N,-10.0
CCC(C)C(N)c1cc(C)ccn1,-10.0
NC(Cc1ccccn1)c1ccccc1,-10.0
OCCSCc1ncccn1,-10.0
CCC(C)C(C)=C1CCC(N)C1,-10.0
N#Cc1ccc(NCCCC(N)=O)nc1,-10.0
CCNc1ccnc(C#N)c1,-10.0
N#Cc1ccc(C(=O)N=C=S)nc1,-10.0
Cc1ccncc1C(C)(C)CCN,-10.0
NCCNCc1cncnc1,-10.0
CCC(CC(C)c1ccccc1)C(C)O,-10.0
CC(C)(CSCc1ccccc1)C(=N)N,-10.0
CSCCCSCC(O)c1ccccc1,-10.0
COC(=O)c1ccc2c(c1)CCCN2C,-10.0
N#Cc1cccnc1OCCCO,-10.0
O=C(NCCO)c1ccncn1,-10.0
N#Cc1cccc(C2NCCCCC2=O)n1,-10.0
CN(C)Nc1ccncn1,-10.0
CCCC(C)(N)c1ccncn1,-10.0
CCCN(CCCN)c1cc(C)ccn1,-10.0
OC(CNC1CCCCC1)c1cccnc1,-10.0
Cc1ccccc1S(N)(=O)=O,-10.0
NC1Cc2ccsc2C1=O,-10.0
CN1CCC(N)c2ccccc21,-10.0
CC(CCO)CCNC(=O)c1ccccc1,-10.0
NC(Cc1cccnc1)CC1CCCCC1,-10.0
NC1=NC(=O)NC1,-10.0
CC1c2ccsc2CCN1S(N)(=O)=O,-10.0
CC(C)(CON)c1cncnc1,-10.0
NC(=O)Cc1ccncn1,-10.0
CC(CN)SCc1cncc(C#N)c1,-10.0
CCC(O)C(C(=O)O)c1ccccc1,-10.0
Nc1ccon1,-10.0
CCCNC(c1cnccc1C)C(C)(C)C,-10.0
CC(C#N)CNC(C)Cc1ccccc1,-10.0
CC=CCNc1ccncc1C#N,-10.0
CCNC(CCOCC)c1cc(C)ccn1,-10.0
CC(C)SC(C)(C=O)c1ccccc1,-10.0
Cc1ccnc(NCCOC(C)C)c1,-10.0
NC1=NC2(CO1)CSC2,-10.0
OC1CCNC(Cc2ccsc2)C1,-10.0
N#Cc1cc(N2CCCCCCC2)ccn1,-10.0
CCNc1cccc(NC(C)COC)n1,-10.0
CCCCC(=O)c1cnccc1C,-10.0
CN(C)CCNc1ccncn1,-10.0
N#Cc1cc(C2CCSC2)ccn1,-10.0
Cc1ccncc1NCC(C)CC(C)C,-10.0
CCNc1cccc(NCCCOC)n1,-10.0
CC(C)(O)C=C1CC(N)C1,-10.0
CCN(CC(C)O)c1ccncc1C#N,-10.0
CC(C)(N)CCNc1ccc(C#N)cn1,-10.0
OC1CCN(CCCc2cccs2)CC1,-10.0
Nn1cncn1,-10.0
CCC(N)CSc1ncccn1,-10.0
NCCCCC(=O)Cc1ccccc1,-10.0
CCC(CNc1cc(C)ccn1)N(C)C,-10.0
CCC(O)CCNc1ccc(C#N)cn1,-10.0
CC(C)(C)C(C#N)CNc1ccccc1,-10.0
CC(C)(N)CCOc1ncccc1C#N,-10.0
CCC(C)C=C1CCCC(N)C1,-10.0
C#CCCNc1ccncc1C#N,-10.0
NCCCCNc1ccncn1,-10.0
C#CCSCc1ncccn1,-10.0
CC(N)C(C(=O)O)c1ccccc1,-10.0
Nc1cnsc1,-10.0
Cc1ccncc1CNCCC(C)(C)O,-10.0
CCC(O)c1cnccc1C,-10.0
C=CC(=O)NCc1cnccc1C,-10.0
COC(=O)C(C#N)=Cc1cnccc1C,-10.0
C=C(C)CNc1ccccc1C(=O)OC,-10.0
COCCC(C)C(O)c1cnccc1C,-10.0
CCCC(N)C(=O)N(C)c1ccccc1,-10.0
NS(=O)(=O)c1ccccc1C=CCO,-10.0
Cc1ccncc1C(N)CCC(C)C,-10.0
C=CC=CCCc1cncnc1,-10.0
C=C(C)CCOc1ccnc(NCC)c1,-10.0
CC(=O)Nc1ccc(C)nn1,-10.0
CCNc1cccc(CSCC(=O)OC)n1,-10.0
CN=C(NC)SCc1cncc(C#N)c1,-10.0
CCOC(=O)c1cc(C)ccn1,-10.0
CS(=O)(=O)c1ccc(C#N)cn1,-10.0
NC1CCn2nncc21,-10.0
NS(=O)(=O)c1ccc(CCS)cc1,-10.0
CCC(CC)C(C)Nc1cc(C)ccn1,-10.0
Cc1ccncc1C(=O)C(N)CC(C)C,-10.0
N#CCc1cncnc1,-10.0
CC(C)(CO)SCc1cncc(C#N)c1,-10.0
CCC(OC)C(NN)c1cnccc1C,-10.0
CCc1cnccc1C,-10.0
COC(=O)c1ccccc1C(O)C(C)C,-10.0
CCCONC(N)=NCc1ccccc1,-10.0
CCCCCC(N)CSc1ccccc1,-10.0
C#CCNC(=O)NCCSCc1ccccc1,-10.0
CC(O)(CCN)CSCc1ccccc1,-10.0
CCNC1(C#N)CCC2CC21,-10.0
COC(OC)C(C)NCc1cnccc1C,-10.0
CCC(N)CC=Cc1ccccc1,-10.0
C=CC(CO)Nc1ncccc1C#N,-10.0
CCc1ncc(N)c(C)n1,-10.0
COCCSCc1ncccn1,-10.0
OC1CCN(Cc2cscn2)CC1,-10.0
CCOC(=O)NCC=Cc1ccccc1,-10.0
CC(C)(C)c1ccncc1C#N,-10.0
CC(=O)Nc1cnc(C)s1,-10.0
COCCCNc1ccc(C#N)cn1,-10.0
CC(=O)NC1(C)CC=CCC1,-10.0
CSCc1ccccc1,-10.0
NN=C(N)c1ccncn1,-10.0
C=CC(NCC)c1cnccc1C,-10.0
CC(N)(CC#N)c1cncnc1,-10.0
CCC(C)OCC(=O)Nc1cnccc1C,-10.0
CNc1ncccc1C#N,-10.0
Nc1ncc2n1CCC2,-10.0
Cc1ccc(CC(N)=O)s1,-10.0
CN1CCCc2c(CN=C=O)cccc21,-10.0
C=C(C)CCCNc1ncccc1C#N,-10.0
CC(CCO)SC(CC#N)c1ccccc1,-10.0
CCNC(CC(C)CC)c1ccccc1,-10.0
CCNc1cccc(COC(C)CC)n1,-10.0
COCCCC(NN)c1cnccc1C,-10.0
CN1CCC(O)(c2ccco2)CC1,-10.0
CCCC(C)=C1CCCCC1N,-10.0
CCNc1cncc(N2CCCOCC2)c1,-10.0
CCC(=O)c1cnccc1C,-10.0
N#CC(NCc1ccncc1)C1CCCCC1,-10.0
CCCNc1cccc(S(N)(=O)=O)c1,-10.0
CCCC(C)=C1CCCC1N,-10.0
CCNC(N)=NCCSc1ccccc1,-10.0
COC(=O)c1ccc(CC(O)CN)cc1,-10.0
N#Cc1ccccc1N1CCOCC1,-10.0
NC1CCCNCC1,-10.0
COCCC(C)(C#N)c1ccccc1,-10.0
C=CCC(C)Nc1ccc(C#N)cn1,-10.0
CSCCC(C)Nc1ccncc1C#N,-10.0
CC(=O)NC1(C)CCCCCC1,-10.0
NC1CSCCC12CC2,-10.0
CCCN(CC)C(CN)c1cnccc1C,-10.0
CC(C(NN)c1ccccc1)N(C)C,-10.0
CC(CO)c1cccc2c1N(C)CCC2,-10.0
C#CCCCC(=O)COCc1ccccc1,-10.0
N#Cc1ncccc1C1NCCNC1=O,-10.0
CCC(N)CCC(=O)c1cnccc1C,-10.0
Cc1ccncc1OCC(C)(C)CO,-10.0
COC(C)CCNc1cc(C)ccn1,-10.0
NC1=CCNN1,-10.0
CCN(CCC(=O)O)c1ncccc1C#N,-10.0
OC1(Cc2ccsc2)CCCC1,-10.0
NC1C2C=CSC12,-10.0
C#CC(C)OCc1cncc(C#N)c1,-10.0
C#CC(C)=Cc1ccccc1,-10.0
COCCCC(C)Nc1cnccc1C,-10.0
O=CCc1ncccn1,-10.0
CC(CN)CNC(C)c1ccccc1,-10.0
CCOC(C)CNc1ccc(C#N)cn1,-10.0
CCCCC(C)C=C1CC(N)C1,-10.0
CCOc1ncc(N)c(N)n1,-10.0
CC#CCSc1ccc(C#N)cn1,-10.0
CCNC(C)CNCCCOCc1ccccc1,-10.0
CC(=O)Nc1nc(C)cs1,-10.0
CCCCNCC(OC)c1ccccc1,-10.0
CC(C)CC=C1COCC1N,-10.0
O=C(O)C#CCCOc1ccccc1,-10.0
C=C(C(=O)O)c1cnccc1C,-10.0
CCCC(C)CC(=O)c1cnccc1C,-10.0
CC(CC#N)c1cccc2c1CCCN2C,-10.0
CC(=O)NC1CCCC(C)C1,-10.0
Cc1ccnc(NC(=O)CC(C)N)c1,-10.0
NC12C3C4C5C3C1C5C42,-10.0
CNC(C(N)=O)c1cncnc1,-10.0
CCCC(NC)C(C)(O)c1ccccc1,-10.0
Cc1ccncc1C(=O)NC(CN)CN,-10.0
Cc1cccnc1CC(N)=O,-10.0
CN1CCC(O)(C2=COCCC2)CC1,-10.0
CC(Cc1ccccc1)NC(CO)C(C)C,-10.0
NCCCNc1ccncn1,-10.0
CC#CCCNC(=O)C#Cc1ccccc1,-10.0
CCN(C)C(=O)c1ncccn1,-10.0
CCNC(c1ccncc1)C1CCCCC1,-10.0
S=C(NCc1ccccn1)Nc1ccccc1,-10.0
CC=CC(N)c1ncccn1,-10.0
CCCC(NN)c1cncnc1,-10.0
CCC(C)(CO)CNc1cnccc1C,-10.0
CCCCCC(COCc1ccccc1)NN,-10.0
C=CCNCc1cc(C)ccn1,-10.0
CCC(C)C(=O)c1cncnc1,-10.0
CC(C)NCCCC(C)c1ccccc1,-10.0
CNC(CCOC(C)C)c1cc(C)ccn1,-10.0
C=C(C)CCCNc1cc(C)ccn1,-10.0
CC(=O)Nc1nc(C)co1,-10.0
COC(=O)CC(=O)NCc1ccccc1,-10.0
COC(=O)c1ccc(CON)cc1,-10.0
NCCCCNc1ncccn1,-10.0
CNCc1ccccc1S(N)(=O)=O,-10.0
Cc1ccncc1NCC(C)N,-10.0
CCNCCCc1cncnc1,-10.0
CNC(=O)CNc1ncccn1,-10.0
C#CCNCc1ncccn1,-10.0
CCS(=O)(=O)CCCNc1ccccc1,-10.0
CCNc1cc(OC)ccn1,-10.0
Cc1ccnc(NCCOCCCO)c1,-10.0
Cc1ccnc(NC(=O)C(=O)O)c1,-10.0
C=CCC=C1CC(N)C12CCC2,-10.0
Cc1ccc(CNCC2CNCCN2C)cc1,-10.0
CC(N)C(=O)c1cncnc1,-10.0
COC(=O)c1ccccc1CNCCC(C)C,-10.0
N#Cc1ccc(N2CC3CCC2C3)cn1,-10.0
OCC(Nc1ccccc1)c1cccnc1,-10.0
COC(=O)c1ccccc1C(C)SC,-10.0
CCOCC(=O)Nc1ccc(C#N)cn1,-10.0
Nn1cc2sccc2n1,-10.0
NC12C=CC(CC1)C2,-10.0
Cc1ccncc1NC(=O)C(C)CS,-10.0
CCCCC(N)c1cncnc1,-10.0
NC(=O)CNc1ncccn1,-10.0
CCN(CC)CCC(=O)c1cnccc1C,-10.0
CC(C)CC(=O)c1ncccn1,-10.0
c1cncc(CNCCCOC2CCCCC2)c1,-10.0
CCCN(C)c1ncccc1C#N,-10.0
Cc1ccncc1OCCC(C)(C)O,-10.0
N#Cc1ccccc1NN1CCOCC1,-10.0
CN1c2ccccc2CCC1CC(=O)O,-10.0
C#CCCC(O)Cc1ccccc1,-10.0
CCNC1(C#N)CCCCCCC1,-10.0
C#CCCNc1ncccc1C#N,-10.0
CN(CCS)Cc1ncccn1,-10.0
CCN(CCO)C(=O)NCc1ccccc1,-10.0
CCC(CN)CN(CC)Cc1ccccc1,-10.0
C=C(COCC)C(O)c1cnccc1C,-10.0
O=C(O)CCNc1ncccn1,-10.0
NCCC(c1ccccc1)c1cccnc1,-10.0
N#Cc1ncccc1N1CC=CCC1,-10.0
CC(C)CCCNc1ccncc1C#N,-10.0
Nc1noc2c1CCO2,-10.0
C=CCSCCC(N)c1ccccc1,-10.0
N#Cc1ccc(-n2nccn2)cn1,-10.0
C#CCC(C)(C)Nc1ccncc1C#N,-10.0
Cc1ccncc1CSC(C)(C)C,-10.0
Cc1ccccc1CCC1CNCCN1C,-10.0
CNC(=N)NC(CO)c1ccccc1,-10.0
CCC(C)(C)COc1cnccc1C,-10.0
CC(C)(C)C(C)(N)Cc1ccccc1,-10.0
CNCC(Sc1ccccn1)c1ccccc1,-10.0
CN1CCCc2ccc(C(O)C#N)cc21,-10.0
CC(=O)Nc1ncc(C)cn1,-10.0
COCC(N)Cc1ncccn1,-10.0
CON(C)c1ccncc1C#N,-10.0
C=CCSCc1cccnc1NCC,-10.0
CNCC(C)Oc1ccc(C#N)cn1,-10.0
NC1=NCCCO1,-10.0
CN1CCC(Oc2cccnc2)CC1,-10.0
CC(=CCN)c1ncccn1,-10.0
C=C(CC)CNc1ncccn1,-10.0
N#Cc1ccc(C2NCCNC2=O)cn1,-10.0
CCC(C)(C)CNCc1cnccc1C,-10.0
COCCSc1ncc(N)cn1,-10.0
CC(NS(C)(=O)=O)C1CCC1,-10.0
CCCC(C)(N)c1cnccc1C,-10.0
Cc1ccncc1CN(C)C(N)=O,-10.0
COC(=O)C(C)CSCOCc1ccccc1,-10.0
C#CC(C)(C)Oc1cccc(NCC)n1,-10.0
CCNc1nnccc1C#N,-10.0
N#Cc1ccc(NCCN2CCOCC2)cc1,-10.0
CCOC(=O)CC(C)c1cc(C)ccn1,-10.0
NS(=O)(=O)c1ccc(OCCO)cc1,-10.0
O=C1CCCC1CN1CCC(O)CC1,-10.0
CC(=O)NC1CCSC(C)C1,-10.0
Cc1ccsc1C1(O)CC2OCCC21,-10.0
CCNc1cccc(N(C)CCCOC)n1,-10.0
O=C1CCCCCC1CN1CCC(O)CC1,-10.0
NCC(S)c1cncnc1,-10.0
CC(N)C(C)Nc1cncnc1,-10.0
C#CCCC(C(=O)O)c1ccccc1,-10.0
CCCCNC(O)COc1ccccc1,-10.0
C#CCC(O)CNc1ccc(C#N)cn1,-10.0
CC(O)C(C)c1cncnc1,-10.0
Cc1ccncc1C(=O)C(O)CCN,-10.0
CC12CCCCC1CN2S(N)(=O)=O,-10.0
O=C(CCCO)c1cncnc1,-10.0
C=CCCC(=O)c1ccncn1,-10.0
Cc1ccnc(NCC(C)N(C)C)c1,-10.0
CC(C)CN(C)c1ccncc1C#N,-10.0
C=CC(=O)NCCCCNOCc1ccccc1,-10.0
CCC(C)C(O)c1cncnc1,-10.0
CNCCCCNc1ccccc1C(=O)OC,-10.0
Cc1ccncc1C#CCNC(=O)CN,-10.0
COCCNC(c1ccccc1)c1ccccn1,-10.0
Cc1ccnc(C(O)C(=O)O)c1,-10.0
CN1CCCc2ccc(C(N)C#N)cc21,-10.0
O=C=NCC=Cc1ccccc1,-10.0
COCCN(C)c1ccncc1C#N,-10.0
Cc1ccncc1C(C)CCN,-10.0
N#Cc1ccc(N2CCCNCC2)cn1,-10.0
O=C(CCC1CCCCC1)Nc1ccccn1,-10.0
COC(=O)c1ccc(CCCS)cc1,-10.0
Cc1ccncc1C=C(N)C(=O)O,-10.0
NC1=NC(=O)OC12CSC2,-10.0
NCC(N)c1cncnc1,-10.0
COC(c1cnccc1C)C(C)(C)O,-10.0
CN1CCCc2cccc(CCC=O)c21,-10.0
Nc1nc2n(n1)C(=O)CS2,-10.0
CN1CC(=O)NC(=O)C1CC(N)=O,-10.0
CCCC(NCC)c1cnccc1C,-10.0
C#CC(O)CCOCc1ccccc1,-10.0
C#CCN(CC=O)Cc1ccccc1,-10.0
CCC(CSC)Nc1ncccc1C#N,-10.0
CCC(N)c1ncccn1,-10.0
OCC(O)c1ncccn1,-10.0
CCON(CC)C(=N)c1ccccc1,-10.0
N#CC(C#N)c1cncnc1,-10.0
O=C(COc1ccccc1)N1CCNCC1,-10.0
NN1C(=O)C=CC1=O,-10.0
CC(N)C1CCN(C#N)C1,-10.0
N#Cc1ccccc1C1CNCCO1,-10.0
CCNCCNc1ccncc1C#N,-10.0
COC(=O)CCNC(=O)Nc1ccccc1,-10.0
COCCc1cc(C)ccn1,-10.0
CCNC(=O)NCc1cc(C)ccn1,-10.0
Oc1nnc(Cc2ccsc2)o1,-10.0
O=C(NCCc1ccncc1)C1CCCCC1,-10.0
N#Cc1cc(-c2nnco2)ccn1,-10.0
CCC(CC(=O)O)Nc1ncccc1C#N,-10.0
CSCCSC(C)c1ccccc1,-10.0
COCC(CO)Nc1ccc(C#N)cn1,-10.0
OCc1ccncc1N1CCCOCC1,-10.0
CCCSCCNc1ccc(C#N)cn1,-10.0
CSCC(=O)c1cnccc1C,-10.0
CCc1ccccc1S(N)(=O)=O,-10.0
CC(CO)Nc1ncccn1,-10.0
CC(=O)NC1CCC(=O)N(C)C1=O,-10.0
OC1CCN(CC2CCC=CCC2)CC1,-10.0
NCC(O)(c1ccncc1)C1CCCCC1,-10.0
N#Cc1cccnc1N,-10.0
COC(=O)c1ccccc1,-10.0
CC(CN)C(=O)N(C)Cc1ccccc1,-10.0
CN(c1ncccc1C#N)C(CO)CO,-10.0
C=C(C)CCNC(C)c1cnccc1C,-10.0
CCNc1cc(C(=N)N)ccn1,-10.0
COC(C)C(C)NCc1cc(C)ccn1,-10.0
CNCCNC(=O)Nc1ccccc1,-10.0
CCOC(=O)CCNC(=O)c1ccccc1,-10.0
CCCCN(C)c1ccncc1C#N,-10.0
CCOCc1ncc(N)c(O)n1,-10.0
OC1CCN(c2cccs2)CC1,-10.0
C#Cc1ccc(NCC)nc1,-10.0
NC(=O)c1ccccc1,-10.0
CCCNC(=O)c1cccc(NCC)n1,-10.0
CC(=O)Nc1cnoc1C,-10.0
CC(C)(N)CNc1ccncn1,-10.0
CC(C)OCC(N)(CO)c1ccccc1,-10.0
CNCC(=Cc1cnccc1C)C(C)C,-10.0
CC=CCNc1ncccc1C#N,-10.0
CCNCc1ccc(NCC)nc1,-10.0
N#Cc1nc(N)ncc1N,-10.0
C#CCONCc1ccncn1,-10.0
CC(CO)Nc1ncc(N)cn1,-10.0
CC(C)N(C#N)Cc1ccccc1,-10.0
NCCNc1ncccn1,-10.0
CC(=O)Nc1ccoc1C,-10.0
CSSCCNC(C)c1cnccc1C,-10.0
NC1=NC(=O)NC12CNC2,-10.0
CN(CC=O)c1ncccn1,-10.0
N#Cc1ccc(-c2ccccc2)cn1,-10.0
CCN(CCC#N)C(=O)Nc1ccccc1,-10.0
COc1ncnc(S)c1N,-10.0
CC(C)C(c1ccccc1)C(C)N,-10.0
CN(Cc1ccccc1)c1ccccn1,-10.0
Cc1ccsc1C1(O)CCCCC1=O,-10.0
Cc1cn(CC(N)=O)ccc1=O,-10.0
CCCNC(=O)Nc1ccc(C#N)cn1,-10.0
O=C(O)C1CCCN(Cc2ccsc2)C1,-10.0
NC1CC(=O)C1,-10.0
C=C(C)CNC(C)COc1ccccc1,-10.0
CNC(=O)CNc1cc(C)ccn1,-10.0
N#Cc1ccc(C2COCCN2)cc1,-10.0
CC(C)CC(N)c1ncccn1,-10.0
N#Cc1cnccc1NCC(=O)O,-10.0
CCOCc1ncc(N)cn1,-10.0
Cc1ccnc(CNC(=S)NN)c1,-10.0
O=C(CCNCCO)c1ccccc1,-10.0
NC(Cc1cccnc1)c1ccccc1,-10.0
CCCCCCN(CCN)Cc1ccccc1,-10.0
CCOC(=O)C(N)c1cc(C)ccn1,-10.0
CC(C)CNc1ncc(N)cn1,-10.0
CCCC(C#N)C(=O)Nc1ccccc1,-10.0
C=C(C)CC(NCC)c1cc(C)ccn1,-10.0
CCC(C)(CNc1cc(C)ccn1)OC,-10.0
C=CCOc1ncccc1C#N,-10.0
C=CC(C)Nc1ncccn1,-10.0
CCCC(N)CC(C)c1ccccc1,-10.0
C=CCC(N)C(=O)c1cnccc1C,-10.0
N#Cc1cc(CCN)no1,-10.0
CCNc1cccc(CN(C)CC)n1,-10.0
Cc1ccnc(OCCN)c1,-10.0
CC(=O)c1ccc2c(c1)CCCN2C,-10.0
NNCc1ccc(S(N)(=O)=O)cc1,-10.0
COC(=O)c1ccc(C(N)CSC)cc1,-10.0
N#Cc1cc(CCN)on1,-10.0
CCON(C)C(CC#N)c1ccccc1,-10.0
c1cc(CC2CCCCC2)ccn1,-10.0
NNC(COCc1ccccc1)c1cccnc1,-10.0
C=C(CC)CC(N)c1cnccc1C,-10.0
CC(N)C(O)Cc1ccncn1,-10.0
CC(O)(C(=N)N)c1cncnc1,-10.0
NN1C(=O)CSCC1=O,-10.0
CC(C)(C#N)CNc1ncccc1C#N,-10.0
CCC(CC)COc1ccncc1C#N,-10.0
NCC(OCc1ccccc1)c1ccncc1,-10.0
NCCNC(=O)c1ccncn1,-10.0
O=C(NCCc1ccncc1)Nc1nncs1,-10.0
NCCNCCCOCc1ccccc1,-10.0
NCCN(Cc1cccnc1)C1CCCCC1,-10.0
CC(C)(CO)Cc1ncccn1,-10.0
CC(=O)Nc1nc(C)ns1,-10.0
O=C(NCc1ccncc1)NC1CCCCC1,-10.0
CN(CCNC1CCCCC1)Cc1cccnc1,-10.0
CC(C)(C)NCC(=O)Cc1ccccc1,-10.0
N#CCc1cc(CN2CCCCC2)cs1,-10.0
CCCNC(C(=O)O)c1cnccc1C,-10.0
N#Cc1ccc(CCN)cc1,-10.0
N#Cc1cncc(C#CCCCN)c1,-10.0
CCC(c1ccccc1)S(N)(=O)=O,-10.0
CC(C)SCCNc1ccc(C#N)cn1,-10.0
N#CC(NC1CCCCC1)c1ccncc1,-10.0
CC(CO)SCc1cncc(C#N)c1,-10.0
NN1C(=O)C2CCCC2C1=O,-10.0
Cc1ccsc1C1(O)CCCNC1,-10.0
CC(CO)Sc1ncc(N)cn1,-10.0
CNC(CSc1ccccn1)c1ccccc1,-10.0
CCOC(CN)CCN(C)Cc1ccccc1,-10.0
CC(CCC(N)=S)OCc1ccccc1,-10.0
CCC(NC(=O)c1ccccc1)C(C)C,-10.0
CC(Cc1ccccn1)NCc1ccccc1,-10.0
CN1CCCN(CC(N)=O)S1(=O)=O,-10.0
CCCCC(O)c1cncnc1,-10.0
N#Cc1ccccc1N1CCCOCC1,-10.0
Cc1cscc1C1(O)CCNC1,-10.0
CC#CCNCC(C)Oc1ccccc1,-10.0
Cc1cscc1-c1nccc(O)n1,-10.0
Cc1ccnc(N(C)CC(N)=O)c1,-10.0
CCCCCSCc1cncc(C#N)c1,-10.0
COCC(=O)c1ccncn1,-10.0
CCNCCN(C)CCCOCc1ccccc1,-10.0
COCCNC(=N)c1cnccc1C,-10.0
CCC(=O)NCc1ncccn1,-10.0
Cc1ccncc1CNCC(C)N(C)C,-10.0
N#CNC(=O)c1cncnc1,-10.0
CCC(C)CNCCN(C)Cc1ccccc1,-10.0
CC(N)Cc1ccccc1S(N)(=O)=O,-10.0
CC#CCCC(NC)c1cnccc1C,-10.0
CNC(=O)Nc1ccccc1C(=O)OC,-10.0
CC(=O)NCC(=O)Nc1cnccc1C,-10.0
COC(=O)c1ccccc1OCC(C)O,-10.0
CCC(O)(CC)C(=O)c1cnccc1C,-10.0
Nc1cncnc1NCC(=O)O,-10.0
CSc1ncnc(S)c1N,-10.0
Cc1ccncc1C(=O)OCC#N,-10.0
CCC(CC)=C1CCC(N)C1,-10.0
Cc1ccnc(NCCCC(N)=O)c1,-10.0
CC(=O)NC1(C)CC=CC1,-10.0
NC1CCCC1,-10.0
COC(=O)CNCc1cncc(C#N)c1,-10.0
Cc1ccnc(CNCCSC(C)C)c1,-10.0
CCOCCNc1ccncn1,-10.0
C=CCCCC(O)CCNCc1ccccc1,-10.0
NCCC(c1ccccc1)c1ccccn1,-10.0
CC(Sc1ncccn1)C(=O)O,-10.0
CC(C)CNC(=O)c1ncccc1C#N,-10.0
Nc1nsc2ncsc12,-10.0
NC(c1ccsc1)C1(O)CCNCC1,-10.0
O=C(NCCc1ccncc1)NC1CCOC1,-10.0
CCCNC(=N)c1ncccn1,-10.0
CNC(C)C(=O)OCc1ccccc1,-10.0
CCNc1cc(CSC(C)CC)ccn1,-10.0
CC(=O)Nc1ccnc(C)c1,-10.0
CCNc1cccc(C(=N)N)n1,-10.0
CC(CN)Cc1cccc2c1N(C)CCC2,-10.0
Cc1ccncc1CN(C)C(C)CN,-10.0
CN1c2ccccc2CCC1CN,-10.0
CN(C)CCNc1ncccc1C#N,-10.0
Nc1onc2c1COC2,-10.0
N#Cc1ccc(NCC=CC(=O)O)nc1,-10.0
N#Cc1ccc(C2CNCCOC2)cn1,-10.0
C=C(C)CC=C1CC(N)C1,-10.0
COC(CCCN)c1ccccc1,-10.0
N#Cc1ccc(N2CCC3CC32)cn1,-10.0
CC(C)(C)CNCc1ccc(C#N)cn1,-10.0
N#Cc1ccccc1CN1CCOCC1,-10.0
CON(C)c1ncc(N)cn1,-10.0
CN1CCCc2cc(C=CCN)ccc21,-10.0
CCNC(Cc1cccnc1)C1CCCCC1,-10.0
CNC(=O)CC(C)Nc1cnccc1C,-10.0
CCC(C)NC(=O)N(C)c1ccccc1,-10.0
O=C(NCCN1CCC1)NC1CCCCC1,-10.0
CC(=O)Nc1nnnn1C,-10.0
OC1CNC(Cc2ccsc2)C1,-10.0
CC(=O)Nc1cscc1C,-10.0
CCOC(=O)CC(C)(C)c1ccccc1,-10.0
CN1CCC(CCCN)c2ccccc21,-10.0
COC(=O)c1ccccc1C(CO)OC,-10.0
CCNc1cccc(SCCOC)n1,-10.0
CN1CCN(CC(N)=O)CCC1=O,-10.0
CCNc1ncccc1CSCC(C)C,-10.0
CC(Nc1ccccn1)C1CCCCC1,-10.0
C#CC(CC)NCc1cnccc1C,-10.0
O=C(COc1ccncc1)Nc1ccccc1,-10.0
CC(CN)Cc1cncnc1,-10.0
CC(C(=O)O)c1ccncc1C#N,-10.0
NC1CC(=O)NC1=O,-10.0
Cc1ccncc1NC(=O)C=CC(=O)O,-10.0
COCCCCNCc1cnccc1C,-10.0
OC(CNCc1ccccc1)Cc1ccccn1,-10.0
NC1Cn2ccnc2C1=O,-10.0
CCN(CC(C)C)c1ncccc1C#N,-10.0
C=C(CC)CC(=O)c1cc(C)ccn1,-10.0
CN1CCCc2ccc(C(N)=O)cc21,-10.0
CCC(C)(CC)C(NN)c1ccccc1,-10.0
CCC(C)(C)NC(=O)c1ccccc1,-10.0
CSCC(C)C(O)c1cnccc1C,-10.0
CCSc1cccc(S(N)(=O)=O)c1,-10.0
NC1CCC(=O)OC1=O,-10.0
Cc1ccncc1OCCCC(=O)NN,-10.0
CCOC(=O)Nc1ccc(C#N)cn1,-10.0
CNCc1ccc(S(N)(=O)=O)cc1,-10.0
N#Cc1cccnc1NC(CN)CN,-10.0
c1ccc(OCCNCc2ccncc2)cc1,-10.0
CC(CCN)NC(C)c1ccccc1,-10.0
Cc1ccncc1CNC(C)CC(C)O,-10.0
CCNC1(C#N)CSC1,-10.0
NS(=O)(=O)c1ccccc1SCCO,-10.0
Cc1ccnc(C(C)NC(C)(C)C)c1,-10.0
CCNc1cccc(N(CC)OC)n1,-10.0
COC(C)C(=O)Nc1cnccc1C,-10.0
CCOCCNC(=O)CCNCc1ccccc1,-10.0
N#Cc1cc(N2CCCO2)ccn1,-10.0
CCC(C#N)Sc1ncccn1,-10.0
N#Cc1ccc(C(=O)NCCON)nc1,-10.0
CCC(C)NCc1ccccc1,-10.0
CCON(CC)c1ncccc1C#N,-10.0
C=C(C#N)C(=O)OCc1ccccc1,-10.0
CCOC(C)C(=O)Nc1cc(C)ccn1,-10.0
N#Cc1cnccc1OCC(N)CO,-10.0
CC(C#N)=Cc1cc(C)ccn1,-10.0
CCNc1cc(SCC(N)=O)ccn1,-10.0
Cc1ccncc1CN(C)CCO,-10.0
COCCOc1ccccc1C(=O)OC,-10.0
NNCc1ncccn1,-10.0
C#CCc1ccncn1,-10.0
CC(C)=CCOc1ncccc1C#N,-10.0
CC(CN)(CO)c1ncccn1,-10.0
CCNc1cccc(CN)n1,-10.0
CCN(CCN)CC(C)c1ccccc1,-10.0
Cc1ccncc1C(C)(CN)CO,-10.0
C=CCNCCNc1ccccc1,-10.0
CCCC(C)CC(NC)c1cc(C)ccn1,-10.0
Cc1ccncc1OCCON,-10.0
CC(CO)N(C)c1ccc(C#N)cn1,-10.0
CC1NCCCC1CC(N)=O,-10.0
CCCCSc1ncc(N)cn1,-10.0
CCCC(O)(CCC)c1cnccc1C,-10.0
CSCCC=C1CC(N)C1,-10.0
CC(C)c1ncncc1N,-10.0
CCC(C)(CO)Nc1ccncc1C#N,-10.0
CN1CC(=O)N(CC(N)=O)CC1=O,-10.0
C=CCCCOc1ccnc(NCC)c1,-10.0
NN1C(=O)C2CC2C1=O,-10.0
C=CCC(C)Nc1ccncn1,-10.0
C=CCC(C)C(O)c1cc(C)ccn1,-10.0
CC(C)(C)C=C1CCC(N)C1,-10.0
CN(CCCN)c1ccncc1C#N,-10.0
CC(=O)C(C)(O)c1ccncn1,-10.0
CCCC(=O)N(C)CCOCc1ccccc1,-10.0
CON(C)c1ccc(C#N)cn1,-10.0
CSCC(C)Nc1ccncn1,-10.0
CCN(O)C(=O)c1ccc(C#N)cn1,-10.0
CC(N)c1cnc(C#N)s1,-10.0
CN1CCCc2cccc(CC=O)c21,-10.0
O=C(NCCO)c1ncccn1,-10.0
CC(CCN(C)C)Nc1ncccc1C#N,-10.0
CCCNCc1cncc(C#N)c1,-10.0
N#CCCSc1ccc(C#N)cn1,-10.0
CCC(CC)(CO)Nc1cc(C)ccn1,-10.0
CSC(C)CCNc1ccncc1C#N,-10.0
CN1CCCc2c(OCCCN)cccc21,-10.0
OC(CC1CCCCC1)c1ccncc1,-10.0
CCCC(NC)C(=O)c1ccccc1,-10.0
C=CC=CCCC(=O)c1cc(C)ccn1,-10.0
OCC(CO)(CO)COc1ccccc1,-10.0
COC(=O)CNC(=O)c1cnccc1C,-10.0
COC(CNc1ccc(C#N)cn1)OC,-10.0
C=C(CS)COc1cnccc1C,-10.0
CC(C)(O)CSc1ccncn1,-10.0
N#Cc1cn(CCN)nn1,-10.0
CCNc1cccc(NC(C)C(N)=O)n1,-10.0
C=CC(CO)Nc1ncccn1,-10.0
COC(=O)c1cccc(C(OC)OC)c1,-10.0
OC1(Cc2ccsc2)CCN2CCCC21,-10.0
OC(CCOc1ccccc1)c1cccnc1,-10.0
C=CCNOCCOc1ccccc1,-10.0
CCNc1cc(SCCN(C)C)ccn1,-10.0
CC(C)(C)CC(CN)Nc1ccccc1,-10.0
CCC(Cc1cnccc1C)C(=O)O,-10.0
NC1CCC2CCC12,-10.0
CCCN(CCC(N)CC)Cc1ccccc1,-10.0
c1cc(CNCC2CCCCC2)ccn1,-10.0
CC(Cc1ncccn1)C(=O)O,-10.0
N#Cc1ccc(NC(=O)CCCN)nc1,-10.0
CCN(CC)CCCNc1cc(C)ccn1,-10.0
C=CC(NN)c1ccncn1,-10.0
CC1C2CNCC2CN1S(N)(=O)=O,-10.0
CCCCCNCc1ccc2c(c1)CCCN2C,-10.0
Cc1nc(CC(C)N)ncc1N,-10.0
CCNc1cc(NCCC(N)=O)ccn1,-10.0
C#CC(=O)NCc1ncccn1,-10.0
CC(N)CNc1ncccc1C#N,-10.0
Cc1ccncc1CC(=O)C(=O)O,-10.0
CCC(CC)C(N)COCc1ccccc1,-10.0
N#Cc1cc2scc(CCN)c2s1,-10.0
N#Cc1ccc(C=C2CCNC2)cn1,-10.0
CN1CCCc2c1cccc2C(C)(C)CO,-10.0
CC(C)Cc1ccc(C#N)cn1,-10.0
CC=CC(=O)NCC(=O)c1ccccc1,-10.0
CNCCN(C)CC(=O)NCc1ccccc1,-10.0
CCN(Cc1ccccc1)CC(C)CCN,-10.0
CN1CCC(O)(c2ccncc2)CC1,-10.0
CCNc1cccnc1C#N,-10.0
NC1CCCS(=O)(=O)CC1,-10.0
CNCCC(=O)OCc1ccccc1,-10.0
NC(Cc1ncccn1)=NO,-10.0
O=C=NCc1cncnc1,-10.0
CN1CCCc2cc(CCCCN)ccc21,-10.0
N#Cc1cccc(N2CCC23CCC3)n1,-10.0
N#Cc1ccc(N2CCC23CCC3)cn1,-10.0
CCN(C)c1ncncc1N,-10.0
Cc1ccncc1C(CCO)C(C)N,-10.0
Cc1ccncc1CNC(C)CN,-10.0
CC(C)(O)CNc1cncc(C#N)c1,-10.0
N#Cc1cncc(CSC(=N)N)c1,-10.0
CCC(C)(C)Nc1ccncn1,-10.0
Cc1cccn1CC(N)=O,-10.0
Cc1nnc(CC(N)=O)o1,-10.0
CSCCC(O)C(N)c1cnccc1C,-10.0
NC1CCCC(=CC(=O)O)C1,-10.0
Cc1ccncc1C(O)CO,-10.0
CCNCCNC(=O)OCc1ccccc1,-10.0
C=C(C)CNc1ncccc1C#N,-10.0
Cc1ccccc1CC(N)=O,-10.0
CC(C#N)CN(C)c1ncccc1C#N,-10.0
O=C(CO)c1cncnc1,-10.0
CS(=O)(=O)CCSc1ncccc1C#N,-10.0
CCCC(=O)Cc1ccncn1,-10.0
CCCCOc1ccc(C#N)cn1,-10.0
CCNc1cc(OCCCOC)ccn1,-10.0
Cc1ccncc1NC(=O)C(N)CO,-10.0
CN(C)CCCOc1ccncc1C#N,-10.0
NC1CCc2conc21,-10.0
CN(C)CCOc1ccccc1,-10.0
NCCc1cccc(S(N)(=O)=O)c1,-10.0
C=CC(CO)Nc1ccnc(NCC)c1,-10.0
O=C(CCCO)OCc1ccccc1,-10.0
NC1=CC(=O)CCC1,-10.0
N#Cc1cccnc1N=C=O,-10.0
Cc1ccc(C(O)C2CNCCN2C)cc1,-10.0
CCCNc1ncc(N)c(C)n1,-10.0
Cc1ccnc(C=NNC(N)=O)c1,-10.0
CCC(C)(CN)c1cc(C)ccn1,-10.0
C#CCCCNc1cc(C)ccn1,-10.0
CONCCCc1cnccc1C,-10.0
OCC(Cc1ccccc1)NCc1ccncc1,-10.0
Nc1csnn1,-10.0
NC1CC2(C1)CS(=O)(=O)C2,-10.0
CS(=N)(=O)Nc1ccc(C#N)cn1,-10.0
OC1(Cc2ccsc2)CCC2CCC1O2,-10.0
N#Cc1ccc(C(=O)NCCN)nc1,-10.0
CCNCc1ccncc1C#N,-10.0
Cc1ccnc(CNCCCC(C)C)c1,-10.0
CC(O)(Cc1cccnc1)c1ccccc1,-10.0
CCC(C)Nc1cncnc1,-10.0
O=CC(O)c1ccncn1,-10.0
COCCNC(CO)c1cnccc1C,-10.0
CCCNC(C)C(=O)Nc1cnccc1C,-10.0
Cc1ccncc1C(=O)C(C)N,-10.0
CSC(C)(C)CCNc1cnccc1C,-10.0
CCCOC(=O)c1cnccc1C,-10.0
Cc1ccnc(N(C)C(C)(C)CN)c1,-10.0
Cc1ccnc(C(C)(CN)C(C)O)c1,-10.0
CNC(C)CNC(=O)c1cnccc1C,-10.0
CCC(C)CN(C)c1ncccc1C#N,-10.0
SCc1ccncn1,-10.0
NCCSCc1ncccn1,-10.0
C#CC(C)(C)Oc1ccnc(NCC)c1,-10.0
N#Cc1cnccc1NC(=O)CN,-10.0
CC(=O)CC(=O)c1ncccn1,-10.0
NCCCNc1ccccc1S(N)(=O)=O,-10.0
CCCNC(CCC)c1cnccc1C,-10.0
CNS(=O)(=O)c1ncccn1,-10.0
c1cncc(C2CCCCC2)c1,-10.0
CN1CCCc2cc(CC(=O)O)ccc21,-10.0
Cc1ccncc1NC(=O)CCNC(N)=O,-10.0
NC(=S)Cc1ccncn1,-10.0
OCC(NCc1ccccc1)c1cccnc1,-10.0
CCCC(CC)NCc1cc(C)ccn1,-10.0
C=CCSc1ncccc1C#N,-10.0
CCNC1CCN(C#N)C1,-10.0
CNCCCNC(=O)c1ccccc1,-10.0
Cc1ccccc1NCCC1CNCCN1C,-10.0
COCCOCOc1cnccc1C,-10.0
COC(=O)C=C1CCCC(N)C1,-10.0
CCSCCSCc1ccc(C#N)cn1,-10.0
CCOCC(=O)c1ncccn1,-10.0
CC(C#N)Sc1ccc(C#N)cn1,-10.0
NC(=O)Nc1cccc(C2CCC2)c1,-10.0
N#CCCC(N)c1ccncn1,-10.0
C#CCOCc1ccc(C(=O)OC)cc1,-10.0
NC1CCC=CCCC1,-10.0
CC1CC2CNCC2N1S(N)(=O)=O,-10.0
CCc1ccc(C(=O)OC)cc1,-10.0
O=C(CCc1ccccn1)Nc1ccccc1,-10.0
CCOC(=O)CSc1ccncc1C#N,-10.0
CC(N)c1ncc(C#N)cn1,-10.0
CC(COCc1ccccc1)Nc1ccccn1,-10.0
CN(C)CCSc1ccc(C#N)cn1,-10.0
CCNc1cc(C(=O)O)ccn1,-10.0
CCC(N)c1cc(C)ccn1,-10.0
C=CCCN(C)c1ncccn1,-10.0
COCCCNC(C)COCc1ccccc1,-10.0
Cc1ccccc1C1CN(C)CCN1,-10.0
Cc1ccnc(NC(C)COC(C)C)c1,-10.0
C#CCCN(C)CC#Cc1ccccc1,-10.0
Cc1ccnc(NCCCN(C)C)c1,-10.0
Cc1ccncc1NC(=O)C(C)C,-10.0
CC(CO)CSc1ccncn1,-10.0
CC(=O)NCCNCc1cc(C)ccn1,-10.0
COC(=O)c1ccccc1NCC(C)N,-10.0
NCC(Cc1ccncc1)C1CCCCC1,-10.0
CCNc1ccc(CSC)cn1,-10.0
CC(O)C1CCN(Cc2ccsc2)CC1,-10.0
Cc1ccncc1CCCNCCO,-10.0
OCCCSCc1ccncn1,-10.0
NS(=O)(=O)Cc1cncnc1,-10.0
CC(C)CCOc1ccncc1C#N,-10.0
CCNC1(C#N)CCC2(CC2)CC1,-10.0
NC(=O)NCCNOCc1ccccc1,-10.0
CNC(CCSc1ccccc1)C(N)=O,-10.0
Cc1ccncc1C=NNCCO,-10.0
C#CCON=Cc1cncnc1,-10.0
Cc1ccnc(C(CN)CC(=O)O)c1,-10.0
Cc1ccncc1CC(N)CCC(=O)O,-10.0
CCNCCC(C)(C)c1cnccc1C,-10.0
OC1CCC(Cc2ccsc2)C1,-10.0
N#Cc1ccc(CNC(N)=O)nc1,-10.0
CC(C)C=C1CCCCCC1N,-10.0
CCNc1cccc(OCCCC(C)C)n1,-10.0
C#CCCC(N)c1ccncn1,-10.0
NC1CCC2(CC2)C1,-10.0
COCC(N)Cc1cnccc1C,-10.0
CCC(C)c1ncc(N)cn1,-10.0
OC1CCN(Cc2ncon2)CC1,-10.0
C#CC(C)Oc1cccc(NCC)n1,-10.0
N#Cc1ncccc1N1CCOCCN1,-10.0
NS(=O)(=O)c1cccc(C=O)c1,-10.0
CC(CSCc1ccccc1)ON,-10.0
CC(=O)NC1CCCC=C1C,-10.0
N#Cc1cc(C2OCCO2)ccn1,-10.0
CC(O)(CCN)c1ncccn1,-10.0
CC#CCNc1ncccn1,-10.0
CN(CC(C)(N)CO)c1ccccc1,-10.0
NC1CC2CNC(=O)C2C1,-10.0
Cc1ccnc(NS(N)(=O)=O)c1,-10.0
N#Cc1ncccc1-n1ccnc1,-10.0
Cc1ccnc(NCC(C)(O)CO)c1,-10.0
C#CC(C)(C)N(CCO)c1ccccc1,-10.0
Cc1ccncc1CN=C=S,-10.0
CCNCc1ccc2c(c1)CCCN2C,-10.0
CCCN(Cc1cncc(C#N)c1)OC,-10.0
Cc1ccnc(NC(=O)C(C)N)c1,-10.0
CCC(C)(N)c1ncccn1,-10.0
CCNc1cccc(OC(C)COC)n1,-10.0
CCC(C)(Oc1cnccc1C)C(=O)O,-10.0
CN(CC(C)(C)N)c1ncccc1C#N,-10.0
CC(Nc1ccncc1C#N)C(C)(C)C,-10.0
Cc1ccncc1C(O)CC=O,-10.0
CCC(O)C(O)Cc1ccccc1,-10.0
CCSCCNC(C)(C)COCc1ccccc1,-10.0
Cc1ccnc(C(C#N)CN)c1,-10.0
C=CCNC(=O)c1cncc(C#N)c1,-10.0
CCNc1cc(NCC(C)CO)ccn1,-10.0
NN=C(NC1CCCCC1)c1ccccn1,-10.0
CC(CO)N(C)c1ncccc1C#N,-10.0
CN(c1cccnc1)C1CCCCC1,-10.0
CCCC(C#N)C(=O)Nc1cnccc1C,-10.0
COC(C)C(O)c1cnccc1C,-10.0
Cc1ncc(N)c(C(C)(C)C)n1,-10.0
Cc1ccncc1CNS(=O)(=O)CCO,-10.0
C=CCCNC(=O)C(CC)c1ccccc1,-10.0
c1ccc(CCCc2ccccn2)cc1,-10.0
OCc1ncccc1N1CCCOCC1,-10.0
Cc1ccncc1OCOC(C)(C)C,-10.0
COC(=O)c1ccc(C(=O)CN)cc1,-10.0
OCCCCNc1ncccn1,-10.0
Cc1ccsc1C1(O)CNCCOC1,-10.0
CCC(C)C(CC(C)N)c1ccccc1,-10.0
CCCC(C)(N)C(=O)c1cnccc1C,-10.0
CCCNCCc1ccc2c(c1)CCCN2C,-10.0
N#Cc1ncccc1C1CCNC1,-10.0
CC(C#N)CSc1ccncn1,-10.0
CC(O)CCNCCc1ccccc1,-10.0
N#Cc1cnccc1NOCCCN,-10.0
CCC(C)N(CCC=O)Cc1ccccc1,-10.0
NC(=O)c1ccccc1S(N)(=O)=O,-10.0
N#Cc1cc(-c2ncno2)ccn1,-10.0
N#Cc1cc(N2CCCCCC2)ccn1,-10.0
CCC(C)=C1CC(N)C1,-10.0
NCC(O)(c1ccccc1)c1cccnc1,-10.0
CNCC(O)C(=O)c1ccccc1,-10.0
CN1c2ccccc2CCC1CCN,-10.0
Cc1ccnc(N)c1,-10.0
Cc1ccncc1C(=O)CSCCN,-10.0
Cc1ccnn1CC(N)=O,-10.0
NC1SCCC1=O,-10.0
CN1CCCc2cc(C=CC#N)ccc21,-10.0
Cc1ccnc(NCCCC(C)O)c1,-10.0
CC(C=O)c1ncccn1,-10.0
CCCC(CC)Nc1ncccc1C#N,-10.0
Cc1ccncc1NC(C)CC(C)(C)O,-10.0
CCC(C)C(=O)c1ccncn1,-10.0
CCC(C=O)=Cc1ccncn1,-10.0
C#CCCN(Cc1ccccc1)OC,-10.0
N#Cc1ccc(C2COCCO2)cn1,-10.0
CCCC(CN)C(O)c1cnccc1C,-10.0
N#CCNC(=O)c1ccc(C#N)cn1,-10.0
N#CCc1ccncc1C#N,-10.0
CNCCC(C)(C)c1cnccc1C,-10.0
CCN(C)C(=O)CNc1cc(C)ccn1,-10.0
CCNc1cc(NCCSC)ccn1,-10.0
COCCCC(C)(O)c1cnccc1C,-10.0
COC(CSc1ccccc1)C(N)=S,-10.0
NN1CCC2(CC2)C1,-10.0
NC1CCCSC1,-10.0
CCCC(O)(CC)c1cnccc1C,-10.0
CCOCC(=O)NCCCOCc1ccccc1,-10.0
OC1CN(Cc2ccsc2)C1,-10.0
COCC(C(N)=S)c1ccccc1,-10.0
CCCC(N)CC(=O)Nc1ccccc1,-10.0
NCCCNc1ncc(N)cn1,-10.0
Cc1ccncc1C(O)CCC(C)(C)N,-10.0
CCCCSc1cccc(NCC)n1,-10.0
NC12CCCC(C1)C2,-10.0
CNC(C(C)C)C(O)c1cnccc1C,-10.0
CCNc1cc(OCCSCC)ccn1,-10.0
CCNc1ccc(C#N)nc1,-10.0
C=CCC(NN)c1ccncn1,-10.0
CCCCOCCNc1cc(C)ccn1,-10.0
NC(=O)NN=Cc1cncnc1,-10.0
N#Cc1cc(C2CCSCC2)ccn1,-10.0
O=C(CN1CCCC1)Nc1cccnc1,-10.0
C=CCNC(C#N)c1cnccc1C,-10.0
C=C1COCC1N,-10.0
CC#CCCC(N)CSc1ccccc1,-10.0
N#Cc1cncc(CSCCC(=O)O)c1,-10.0
CC(C)(N)C(=O)CCCc1ccccc1,-10.0
CC(=O)Nc1nocc1C,-10.0
NC(=S)NN=Cc1ccncn1,-10.0
CC1Cc2ccccc2N(C)C1,-10.0
COCCC(=O)c1cc(C)ccn1,-10.0
CCCCSc1ncccc1C#N,-10.0
CC(C)(N)CCNc1ncccc1C#N,-10.0
CN(CCC1CCCCC1)Cc1ccncc1,-10.0
CCOCC(N)c1cncnc1,-10.0
Cc1ccncc1OC(C)(C)C(=O)O,-10.0
CC(C)OCC(=O)C=Cc1ccccc1,-10.0
N#Cc1ccc(N2CCCC3CC32)cn1,-10.0
Cc1ccncc1OCCOC(C)(C)C,-10.0
CC(=O)NC1(C)CNC1,-10.0
COC(=O)C=CNCc1cc(C)ccn1,-10.0
CCP(=S)(CC)Nc1ccccc1,-10.0
NN1CC2CS(=O)(=O)CC2C1,-10.0
C=C(CCN)c1cc(C)ccn1,-10.0
COC(=O)c1ccc(NC=O)cc1,-10.0
CC(C)CCN(C)Cc1ccccc1,-10.0
Nc1cnc(S)nc1N,-10.0
CC(C)C(CN=C(N)N)c1ccccc1,-10.0
CCC(N)CNc1cncnc1,-10.0
CCC(C)(N)c1cnccc1C,-10.0
CCNc1cccc(SCCO)n1,-10.0
CC(=O)Nc1cccc(C)n1,-10.0
CCCNC(=O)c1cnccc1C,-10.0
CNC(C)(C)Cc1cc(C)ccn1,-10.0
N=C(NN)c1ncccn1,-10.0
NC(=O)CSc1ccncn1,-10.0
CCNc1ccc(C(=O)O)cn1,-10.0
N#Cc1cccnc1CC(N)C(=O)O,-10.0
COC(=O)Cc1cncnc1,-10.0
CCC(N)CNc1ccncc1C#N,-10.0
CCOC(=O)CC(NC)c1cnccc1C,-10.0
OC(CSC1CCCCC1)c1cccnc1,-10.0
NCCNC(=O)c1cncnc1,-10.0
CN(C)C(=O)c1cncc(C#N)c1,-10.0
Nc1nncnn1,-10.0
CN(C)CCOc1ccncc1C#N,-10.0
CC(O)CCCNc1ncccc1C#N,-10.0
CC=CC(O)c1cncnc1,-10.0
OCCSc1ccncn1,-10.0
c1ccc(CCNc2ccccn2)cc1,-10.0
Cc1ccncc1NCCC(C)C,-10.0
C#CCCCCC(=O)NOCc1ccccc1,-10.0
NCC(=O)Nc1ncc(N)cn1,-10.0
C=C(C)CC(O)c1cncnc1,-10.0
CCSc1cc(C)ccn1,-10.0
CNC(C)c1ccncn1,-10.0
CNS(=O)(=O)C(C)c1ccccc1,-10.0
CC(=O)NCCNCc1cnccc1C,-10.0
Nc1nc(=S)ss1,-10.0
NC1CC2CCOC2C1,-10.0
CC(CCN)Nc1ccc(C#N)cn1,-10.0
N=c1ccccn1N,-10.0
OC1CCN(CC23CC(CO2)C3)CC1,-10.0
CC(CCC1CCCCC1)NCc1ccncc1,-10.0
CNNC(=O)c1ccc(C#N)cn1,-10.0
CCNC1(C#N)CCCSC1,-10.0
CCN(Cc1cncc(C#N)c1)OC,-10.0
Cc1ccnc(C(=O)N(C)CC#N)c1,-10.0
NC1C2OCCOC12,-10.0
CCC(C)(CN)Nc1cc(C)ccn1,-10.0
Cc1ccncc1CNC(=O)C(=O)O,-10.0
CC(N=C=O)c1ccncn1,-10.0
CSCCNCCC=Cc1ccccc1,-10.0
CC(C)C=C1CC(N)C12CCC2,-10.0
N#CCCC(=O)c1ccncn1,-10.0
CC1CNC(CC(N)=O)SC1,-10.0
CN1CCC(O)C(C2CCCNCC2)C1,-10.0
CC(N)(C#N)CCOCCOc1ccccc1,-10.0
OC1CCN(CC2CCCCCC2)CC1,-10.0
CC(CO)NCc1ncccn1,-10.0
CC(C)c1ncc(N)c(CN)n1,-10.0
Cc1ccccc1NC(=O)C1CNCCN1C,-10.0
CCCC(CCO)Nc1ccc(C#N)cn1,-10.0
Cc1ccncc1OCCN(C)C(C)C,-10.0
C#CC(C)NCCCc1cnccc1C,-10.0
CCC(N)CC(=O)Nc1ccccc1,-10.0
N#Cc1ocnc1CCN,-10.0
CC(C)(C)c1ncc(N)c(O)n1,-10.0
CNCC(=O)Nc1cc(C)ccn1,-10.0
Cc1ccncc1NCCCN,-10.0
CC(C)(C=O)c1ccncn1,-10.0
CCC(COC)NCc1cc(C)ccn1,-10.0
CCN(Cc1ccccc1)Cc1ccccn1,-10.0
CC(CC1CCCCC1)Nc1ccccn1,-10.0
CC(C)C(C)(O)c1ccncn1,-10.0
N=C(N)C1CCCCN1Cc1ccsc1,-10.0
CCNc1cc(NCC(O)CO)ccn1,-10.0
CCOC(=O)C(=O)c1ncccc1C#N,-10.0
COCC(=O)NCc1cnccc1C,-10.0
COC(CNCc1ccncc1)C1CCCCC1,-10.0
OC1CCN(CC2CCCC2)CC1,-10.0
NC1CC(=O)c2sccc21,-10.0
C=CCCCc1cnccc1C,-10.0
Nc1noc2c1COC2,-10.0
Cc1ccnc(NC(=O)CC(=O)O)c1,-10.0
CNCCOCCN(Cc1ccccc1)OC,-10.0
CC(NCCc1ccccc1)c1ccncc1,-10.0
COC(=O)c1ccccc1C(C)C=O,-10.0
Nc1cncnc1OCCO,-10.0
CCOCCCC(=O)c1cnccc1C,-10.0
Cc1ccnc(CNCC(C)CO)c1,-10.0
Cc1ccnc(NN(C)C)c1,-10.0
NC(=S)Nc1ncccn1,-10.0
NCC(CO)c1cncnc1,-10.0
COCC(C)CNc1cc(C)ccn1,-10.0
CCC(Nc1ccncc1C#N)C(C)O,-10.0
N#Cc1cccc(NN2CCOCC2)c1,-10.0
Cc1ccncc1OCCCCC(=O)O,-10.0
CC#CCNC(C(=O)O)c1ccccc1,-10.0
CNC(COCc1ccccc1)c1cccnc1,-10.0
c1cncc(NCCC2CCCCC2)c1,-10.0
Cc1ncccc1NC(=O)CC1CCCCC1,-10.0
CC(N)CN(CCO)Cc1ccccc1,-10.0
CNCC(O)CNC(=O)NCc1ccccc1,-10.0
CCCC(C)Nc1ccnc(NCC)c1,-10.0
C=CCCCNC(C)c1cc(C)ccn1,-10.0
CCNc1cc(NCCNC(N)=O)ccn1,-10.0
CC(N)CCN(C)Cc1ccccc1,-10.0
CCC(N)C(C)NCCc1ccccc1,-10.0
CC#CCC(CCOCc1ccccc1)NN,-10.0
CSCCC(C)Nc1ccc(C#N)cn1,-10.0
CC1CCOCCN1CC(N)=O,-10.0
CCOC(CC)C(O)c1cnccc1C,-10.0
O=C(Oc1cccnc1)c1ccccc1,-10.0
N#Cc1cccc(N2CCCCCCC2)n1,-10.0
CCNC1(C#N)CCCC12CCC2,-10.0
CNCC(C)Nc1ncccc1C#N,-10.0
CNC(C)(C)c1cncnc1,-10.0
c1ccc(NCCSc2ccccn2)cc1,-10.0
O=C(O)Cc1cncnc1,-10.0
c1ccc(CSc2ccncc2)cc1,-10.0
CN1CCCc2cc(SC#N)ccc21,-10.0
C=CCSc1ccncc1C#N,-10.0
N#Cc1cc(-c2ccncn2)ccn1,-10.0
Nc1nsc2ccoc12,-10.0
N#CC(COc1ccccc1)c1cccnc1,-10.0
CC(C)CCC=C1CC(N)C1,-10.0
COC(=O)c1ccc(C(=O)S)cc1,-10.0
CN(CC(C)(C)N)c1ccncc1C#N,-10.0
CCN(CCCc1cccnc1)C1CCCCC1,-10.0
OC1CCN(Cc2cnoc2)CC1,-10.0
CCCC(C(=O)O)c1cnccc1C,-10.0
CCNCCOCc1cncc(C#N)c1,-10.0
NC1SCCCS1,-10.0
CCC(C)(CO)CNCCc1ccccc1,-10.0
C=CC(COC)NCc1cnccc1C,-10.0
CC(CO)CNC(=O)COCc1ccccc1,-10.0
COCCOc1ccncc1C#N,-10.0
N#Cc1cccc(C2OCCNC2=O)n1,-10.0
CC(c1ccccc1)C(CO)NCCO,-10.0
N#Cc1nc(CCN)cs1,-10.0
C=Cc1ccncn1,-10.0
c1ccc(COc2ccccn2)cc1,-10.0
Cc1ccnc(NC(C)C(C)CN)c1,-10.0
CC(C)CC(c1ccccc1)C(C)N,-10.0
N#Cc1ccc(N2CCSCC2)cn1,-10.0
CCCC(C)N(C)c1ccncc1C#N,-10.0
CCOc1ccncc1C#N,-10.0
c1ccc(CNCCCOc2ccncc2)cc1,-10.0
CSC(C)CCOc1ncccc1C#N,-10.0
C=CCC(CO)Nc1ccc(C#N)cn1,-10.0
CCC(C#N)C(=O)NOCc1ccccc1,-10.0
NS(=O)(=O)c1ccc(CCCS)cc1,-10.0
COC(=O)C=Cc1ccncn1,-10.0
OC1(Cc2ccsc2)CSC1,-10.0
CCOC(C)C(N)c1cnccc1C,-10.0
NC1=NCCCS1,-10.0
CCNc1ccc(CSCCSC)cn1,-10.0
CNCCCSc1ncccn1,-10.0
CCC(Oc1cnccc1C)C(=O)NN,-10.0
N#Cc1cc(N2CCOCC2)ccn1,-10.0
Cc1ccncn1,-10.0
O=C(CC1CCCCC1)NC1CCSC1,-10.0
CC(=O)NCc1ccc(C#N)cn1,-10.0
O=C(Cc1cncs1)Nc1cccnc1,-10.0
CC(N)(CCO)c1ccncn1,-10.0
CCNc1cc(N(CCO)C(C)C)ccn1,-10.0
CC(C)C(CN)NCCc1ccccc1,-10.0
CN1CCC(CC(N)=O)CC1,-10.0
Cc1ccsc1C1OCCC1O,-10.0
CC(C)(O)c1cncnc1,-10.0
COCCc1ccccc1S(N)(=O)=O,-10.0
C=C(C)C=C1CC(N)C12CCC2,-10.0
CC(CN)Sc1ccc(C#N)cn1,-10.0
C=CC=CCC=C1CCC(N)C1,-10.0
N#Cc1cccc(C2CCSCC2)n1,-10.0
CCONc1ncccc1C#N,-10.0
CN1CCCc2cc(CCO)ccc21,-10.0
CN(C)C=Nc1ncccc1C#N,-10.0
NC1COC2(CSC2)C1,-10.0
CCOCC(C)Oc1ccncc1C#N,-10.0
NCCN(CCCO)Cc1ccccc1,-10.0
CCNc1cccc(COCC)n1,-10.0
CCC(C)(N)C(=O)c1cnccc1C,-10.0
CNC(=N)NCc1cc(C)ccn1,-10.0
NC1CCc2occc21,-10.0
NC1CC2CC1C1CC21,-10.0
N#Cc1ccc(N2CCCC2=N)cn1,-10.0
NCCCc1ccc(S(N)(=O)=O)cc1,-10.0
CCC(COCc1ccccc1)NN,-10.0
COc1ncncc1N,-10.0
CC(C)(C)CCOc1ccncc1C#N,-10.0
CNC(=O)CNCc1cnccc1C,-10.0
C=Cc1cc(C)ccn1,-10.0
N#Cc1cnnc(N2CCCOCC2)c1,-10.0
CCOCC(C)NCc1cnccc1C,-10.0
Cc1ccsc1C1(O)CCC2CC21,-10.0
NC1CC(=O)OC1=O,-10.0
CCCC(N)C#Cc1cncc(C#N)c1,-10.0
Cc1ccncc1NC(=O)CC(C)CN,-10.0
C#CCOC(=O)c1cncnc1,-10.0
N#Cc1cc(-c2cccnc2)ccn1,-10.0
CCN(CC)CCSc1ccc(C#N)cn1,-10.0
NCc1sccc1CN1CCCCC1,-10.0
COC(=O)c1ccccc1NC(=S)OC,-10.0
CCc1ncc(N)c(C#N)n1,-10.0
NC(Cc1ccccc1)c1ccncc1,-10.0
COCC(C)CNC(N)=NCc1ccccc1,-10.0
Cc1ccncc1NC(=O)CCCN,-10.0
NN1Cc2nonc2C1=O,-10.0
N#Cc1ncccc1N1NC2CCC1C2,-10.0
CC(C)ON=Cc1ccncn1,-10.0
CCNc1ncccc1CSCC(N)=O,-10.0
CCNC(COCC)C(C)OCc1ccccc1,-10.0
O=C(NCCS)c1ccccc1,-10.0
CCC(C)=C1CCC(N)C1,-10.0
Nc1ncc2sccn12,-10.0
Cc1ccncc1CNCCCCO,-10.0
CCNc1ncccc1CSCCSC,-10.0
CC(C)C(C)Nc1cncc(C#N)c1,-10.0
NN=C(N)SCCCOc1ccccc1,-10.0
COC(=O)c1cccc(C#CCN)c1,-10.0
Nc1noc2snnc12,-10.0
COCCC(=O)Nc1cc(C)ccn1,-10.0
CCCCCCC=C1CC(N)C1,-10.0
NC1CC2OC1C1CC21,-10.0
CC1(CC(N)=O)CCCCC1,-10.0
CC(C)C(O)C=C1CC(N)C1,-10.0
CC(C)(N)C#Cc1ccncn1,-10.0
NC1CC(=O)c2ccoc21,-10.0
CSCCCNC(C)c1cc(C)ccn1,-10.0
CCC(CN)Nc1cnccc1C,-10.0
CCOCC(O)c1cc(C)ccn1,-10.0
CCNc1cc(NCC(C)COC)ccn1,-10.0
CC(C)(O)C#Cc1cncnc1,-10.0
CSSCCNc1ccncc1C#N,-10.0
CCOC(=O)Cc1ccncn1,-10.0
CCC(C(=O)O)c1cncnc1,-10.0
CON(C)C(=O)c1ccc(C#N)cn1,-10.0
C=CC(NCc1cnccc1C)C(=O)O,-10.0
CN1CCC(O)(C2CCOCC2)CC1,-10.0
COCCNC(=O)Nc1cc(C)ccn1,-10.0
N#Cc1cnccc1NCCN,-10.0
CCC(C)(CO)Sc1cc(C)ccn1,-10.0
CC1CCCN(CC(N)=O)C1,-10.0
CCCC(C)C(=O)Nc1cnccc1C,-10.0
CC(c1ccccc1)N(C)C(=N)N,-10.0
CC=CCCNc1ccc(C#N)cn1,-10.0
CCCOc1ccc(S(N)(=O)=O)cc1,-10.0
NC1CC(=O)c2ccsc21,-10.0
CNCC(C)Nc1ccncc1C#N,-10.0
Cc1ccnc(NC(C)CCN)c1,-10.0
CN(CC(N)=O)c1ccncc1C#N,-10.0
C=CCC(=O)Nc1ccc(C#N)cn1,-10.0
C=CCC=C1CCCC1N,-10.0
CCSCc1ncccn1,-10.0
Cc1ccccc1CNCCN1CCN(C)CC1,-10.0
CCNc1cccc(CN(CC)OC)n1,-10.0
CC(C)=CC(=O)NCc1cnccc1C,-10.0
CCC(C)(O)C(=O)Nc1cnccc1C,-10.0
CN1CCC(CN)c2ccccc21,-10.0
C=C(C)C(Cc1ccccc1)NCCC,-10.0
CC(O)C(C)c1ccccc1,-10.0
CNC(CCCC(C)C)c1cc(C)ccn1,-10.0
Cc1ccncc1C(NCCO)C(=O)O,-10.0
C=CS(=O)(=O)c1ccncn1,-10.0
CCNC(CN)Cc1ccccc1,-10.0
COCC(C)NCC=Cc1ccccc1,-10.0
NNC(=Cc1ccccc1)c1ccccn1,-10.0
N#Cc1cc(N2CCCCCO2)ccn1,-10.0
COCC#CCC(N)c1cnccc1C,-10.0
NC12CCC1CC2,-10.0
COC(=O)Cc1cccc2c1CCCN2C,-10.0
C=CCC(NN)c1ncccn1,-10.0
OC(C#Cc1ccccc1)c1ccccn1,-10.0
CCC(N)C(CC)Nc1cc(C)ccn1,-10.0
Cc1ccncc1C(O)COC(C)(C)C,-10.0
OC1CCN(CC2CCCNC2)CC1,-10.0
CC(=CC(=O)O)COc1cnccc1C,-10.0
CC1CSCCCN1CC(N)=O,-10.0
CCNc1cc(COCC)ccn1,-10.0
CCCOCCNc1ncccc1C#N,-10.0
CC(CN)N(C)c1ccc(C#N)cn1,-10.0
NCC(=O)c1cncnc1,-10.0
Cc1ccncc1CNCC(C)(C)O,-10.0
CN1CCC(O)(c2ccns2)CC1,-10.0
Cc1ccncc1CC(C)(C)O,-10.0
C=C(CN)COc1cnccc1C,-10.0
CCC(C)(N)COc1ccc(C#N)cn1,-10.0
OC1CCN(CC2CNC2)CC1,-10.0
N#CSc1ncccn1,-10.0
CC1CCC(=O)N(CC(N)=O)C1,-10.0
c1cncc(OCOC2CCCCC2)c1,-10.0
N#Cc1ccc(C2CCCCC2)cn1,-10.0
C#CC(C)c1cnccc1C,-10.0
ON=C(c1ccccn1)C1CCCCC1,-10.0
CCNc1cc(NC(C)CC(C)C)ccn1,-10.0
C#CCC(CCOCc1ccccc1)NC,-10.0
CCNC(C#Cc1ccccc1)CC,-10.0
N#CCSc1ccncn1,-10.0
NC(C(=O)O)c1ncccn1,-10.0
CC(=NNCc1ccccc1)C(=O)O,-10.0
CCC(N)c1cccc(C(=O)OC)c1,-10.0
CCOC(=O)C(C)NCCCc1ccccc1,-10.0
C=CCCC(C)NCc1ccccc1,-10.0
NC(CC1CCCCC1)c1ccccn1,-10.0
CCC(O)CNc1cc(C)ccn1,-10.0
CCC(CC(=O)OC)c1cnccc1C,-10.0
CSSCCNCc1cnccc1C,-10.0
N#CC(c1ccccc1)c1ccccn1,-10.0
CC(CC#N)Nc1ncccc1C#N,-10.0
O=C(O)CNC(=O)COc1ccccc1,-10.0
CC(CN)N(C)c1ccncc1C#N,-10.0
CC(=O)CCC(=O)Nc1cnccc1C,-10.0
CC(CNc1cccnc1)CC1CCCCC1,-10.0
CCNC1(C#N)COC1,-10.0
CCCCC(=O)CSc1ccccc1,-10.0
CCOC(=O)C(C)Oc1cnccc1C,-10.0
COCCOc1ncc(N)cn1,-10.0
C=COCC=Cc1ccccc1,-10.0
CN1CCCc2cc(C(=O)O)ccc21,-10.0
CCCC(CCC)Nc1cnccc1C,-10.0
COCCCSc1ncccn1,-10.0
NNC(c1ccccc1)c1cccnc1,-10.0
C#CCC(O)CNc1ccncc1C#N,-10.0
C#CCCNc1ccncn1,-10.0
CCC(=Cc1cnccc1C)CO,-10.0
CC(O)C(C)SCc1cncc(C#N)c1,-10.0
NC1Cc2nonc2C1=O,-10.0
CN1C(=O)CN(CC(N)=O)C1=O,-10.0
CC(C)(C)C#Cc1cncnc1,-10.0
COC(=O)c1ccc(OCCCO)cc1,-10.0
Cn1nccc1CC(N)=O,-10.0
CCC(OC)C(CN)NCc1ccccc1,-10.0
OC1(Cc2ccsc2)CC2CCCCC21,-10.0
CC(C)C(O)c1ncccn1,-10.0
NC1=NCC(=O)N1,-10.0
C=CCSCCCC(N)c1ccccc1,-10.0
N#Cc1cc(N2CCCCC2)ccn1,-10.0
COC(C)(CCN)c1cc(C)ccn1,-10.0
COCc1ccccc1C(=O)OC,-10.0
CC(C)CSc1ccncn1,-10.0
OC1(CCc2cccs2)CCNCC1,-10.0
N#Cc1cccc(N2CC=CC2)n1,-10.0
C#CCNC(=O)NCCOCc1ccccc1,-10.0
CN1CCCc2cccc(CO)c21,-10.0
OC1CCN(CCc2cccs2)CC1,-10.0
CCC(C)NCc1cc(C)ccn1,-10.0
CC(N)C1=NC(C#N)CO1,-10.0
C=COc1cccc(C(=O)OC)c1,-10.0
CCCCCCCCCSc1ccccc1,-10.0
Cc1ccnc(CC(C)(C)O)c1,-10.0
C=C(C)CN(C)c1ccc(C#N)cn1,-10.0
CC(=O)Cc1ncccn1,-10.0
CC(CN)CNc1ccc(C#N)cn1,-10.0
O=C(Cc1cccnc1)NC1CCCCC1,-10.0
COC(=O)CCCNc1cc(C)ccn1,-10.0
CNCCCCc1ccncn1,-10.0
CC(CN)CCCOc1ccccc1,-10.0
CCCCC(N)c1ccncn1,-10.0
CCC(C)CC(C)Nc1ncccc1C#N,-10.0
CC(NCC1CCCCC1)c1ccncc1,-10.0
COCC(C)CC(O)c1cnccc1C,-10.0
CCOCC(N)(CO)c1ccccc1,-10.0
CS(=O)(=O)c1ccccc1,-10.0
CCC(C)(C)NCc1cc(C)ccn1,-10.0
COc1ccc(S(N)(=O)=O)cc1,-10.0
N#Cc1ccc(N2CC3CCC3C2)cn1,-10.0
Cc1ccsc1C1(O)CCC(=O)CC1,-10.0
OC1CCCN(Cc2ccsc2)CC1,-10.0
N#Cc1ccc(C(=O)NNCCO)nc1,-10.0
CCC(C)C(C=CCNC)c1ccccc1,-10.0
CSCC(C)Nc1ccc(C#N)cn1,-10.0
CCSCc1ncc(N)c(O)n1,-10.0
CC(Cc1ccccc1)NC=O,-10.0
Cc1ccncc1C(O)(CN)C(C)C,-10.0
COCC(OCc1ccccc1)C(=O)NN,-10.0
N#CC(CN)c1cncnc1,-10.0
CCCC(CN)N(C)CCOCc1ccccc1,-10.0
CC(N)C(=O)Nc1cncnc1,-10.0
CC(O)c1ccc2c(c1)N(C)CCC2,-10.0
CC(O)c1ncccn1,-10.0
CCC(C)C(C)NCc1ccccc1,-10.0
CCNc1ccc(C=O)cn1,-10.0
CC(CO)Nc1ncncc1N,-10.0
Cc1ccnc(NCC(C)CCCN)c1,-10.0
CNC(=NN)c1cnccc1C,-10.0
COCC(C)Oc1ccncc1C#N,-10.0
C=C(C)CNc1ccncn1,-10.0
OC1CCOC(Cc2ccsc2)C1,-10.0
Nc1ncco1,-10.0
COC(=O)CSc1ncccn1,-10.0
NC(CNC(=O)CCc1ccccc1)=NO,-10.0
Cc1ccncc1C=C(CO)C(C)C,-10.0
CON(C)Cc1cc(C)ccn1,-10.0
Cc1ccncc1C#CC(C)O,-10.0
CCCN(C)Cc1cc(C)ccn1,-10.0
C=CCN(C)c1ccncc1C#N,-10.0
CCC(CC=Cc1ccccc1)C(=O)O,-10.0
Cc1ccncc1C=NO,-10.0
Cc1ccncc1C(=O)NCC#CCO,-10.0
CNC(CN)c1ccc2c(c1)CCCN2C,-10.0
CN1CCN(CC(N)=O)CC1=O,-10.0
COCC(C)(C)C(N)c1cnccc1C,-10.0
C=CC(C)(C)COc1ccncc1C#N,-10.0
C#CCOC(=O)c1ncccn1,-10.0
C=CCC(C)NC(C)c1cnccc1C,-10.0
Cc1ccncc1CNCC(N)C(=O)O,-10.0
N#Cc1ncccc1N1CC2CCCCC21,-10.0
CC=C1CC(N)C1,-10.0
Cc1ccncc1C(O)CCCCCN,-10.0
Cc1ccncc1C(C)NCCC(C)C,-10.0
CCCSCCNc1ncccc1C#N,-10.0
CCCCOCCN=C(N)NCc1ccccc1,-10.0
COCC(Nc1cc(C)ccn1)C(C)C,-10.0
COC(=O)c1ccccc1NC(=O)S,-10.0
CCCOCSC(=N)NCc1ccccc1,-10.0
C=C(CNC)CSCc1ccccc1,-10.0
C=C(C)CC=C1CCC(N)CC1,-10.0
CCOCC1CCN(Cc2ccsc2)CC1,-10.0
C#CCOCc1cncc(C#N)c1,-10.0
COC(=O)c1ccc(CNC#N)cc1,-10.0
Cc1ccncc1C(N)C(C)C,-10.0
Cc1ccncc1OCCSC(C)C,-10.0
CCCC(N)CNc1cc(C)ccn1,-10.0
NN1CCCS(=O)(=O)CC1,-10.0
CCNc1cc(N(C)OCC)ccn1,-10.0
CSCCc1ncc(N)c(C)n1,-10.0
C=C(CN)c1ccncn1,-10.0
CC(CCN)SCc1cncc(C#N)c1,-10.0
C=CC(=O)N(CCO)Cc1ccccc1,-10.0
N#Cc1ccc(N2CCCCCC2)cn1,-10.0
O=C(O)C(O)c1cncnc1,-10.0
CC(C)=CC(N)c1cnccc1C,-10.0
CCC(C)CNc1ccncc1C#N,-10.0
CC(N)c1cc(C#N)ccn1,-10.0
OCC1CN(Cc2ccsc2)CCC1O,-10.0
CCC(CN)Nc1ccncc1C#N,-10.0
CNCCCCc1cncnc1,-10.0
C#CC(C)NC(=O)CCc1ccccc1,-10.0
COC(=O)CCc1cc(C)ccn1,-10.0
N#Cc1cccnc1C=CC(N)=O,-10.0
OC1C=C(Cc2ccsc2)CC1,-10.0
OC(CNCc1ccccc1)c1cccnc1,-10.0
CCOc1ccc(S(N)(=O)=O)cc1,-10.0
CC(=O)OCCNc1ncccc1C#N,-10.0
CNC(=O)COc1cnccc1C,-10.0
CCC(C)SCCc1ccccc1,-10.0
CCC(CC)C(N)c1ccccc1,-10.0
CN1CCNC(CC(N)=O)CC1,-10.0
CC(N)CCSc1ncccn1,-10.0
NC1C2C(=O)NC(=O)C12,-10.0
CC(C)(CN)Nc1ncccc1C#N,-10.0
O=C(CO)c1ccccc1,-10.0
CC(=O)NC1CCCN(C)CC1,-10.0
c1ccc(OCCCNCc2ccccn2)cc1,-10.0
COc1ncc(N)c(C#N)n1,-10.0
CCN(CCSC)C(=O)CCc1ccccc1,-10.0
COCC#CCSC(N)=NCc1ccccc1,-10.0
CC(CCO)CNC(C)c1ccccc1,-10.0
C#CCN(CC#C)c1ccc(C#N)cn1,-10.0
Cc1ccncc1CNC(N)=NN,-10.0
C=C(C=C1CCCC(N)C1)CC,-10.0
Cc1ccncc1C(=O)N(C)CCCC#N,-10.0
CCCNC(CC)c1cnccc1C,-10.0
N#Cc1ccc(C2CCNCCO2)s1,-10.0
CCNC(CO)(CSCC)c1ccccc1,-10.0
N#Cc1ncccc1N1CCC12CCC2,-10.0
CCNc1cc(SC(C)(C)CO)ccn1,-10.0
CCOCCCNCc1cnccc1C,-10.0
O=C(Nc1cccnc1)C1CCCCC1,-10.0
CCNC(=O)CNCc1cnccc1C,-10.0
COC(=O)C=C1N=C(N)NC1=O,-10.0
CC(C)(CO)c1ncccn1,-10.0
NN1CCCC12CCC2,-10.0
CCOCCCCC(O)c1ccccc1,-10.0
N#Cc1cccc(N2CCC3CC3C2)n1,-10.0
OCCCSc1ccncn1,-10.0
CCC(C)C(=O)c1cc(C)ccn1,-10.0
CCCNCC(=O)Nc1cnccc1C,-10.0
NC1=CCCCN1,-10.0
c1ccc(CCc2ccccn2)cc1,-10.0
COCC(C)C(=O)c1cc(C)ccn1,-10.0
NC1CCCC(=O)NC1=O,-10.0
O=C(O)C1CCN(Cc2ccsc2)CC1,-10.0
CC#CCC=C1CCCCC1N,-10.0
Cc1ccncc1C(C)(O)C(C)(C)C,-10.0
CN(C)C(CN)c1cncnc1,-10.0
NC1=NOCC1,-10.0
CN1CC(N)Cc2ccccc21,-10.0
OC1CCN(CC2CCCN2)CC1,-10.0
N#Cc1ccc(NCCNC(=N)N)nc1,-10.0
CC#CCCNCC=Cc1ccccc1,-10.0
CN(CC=O)c1ccncc1C#N,-10.0
CC#CCCNCc1cncc(C#N)c1,-10.0
CCNc1ccc(S(=O)(=O)NC)cn1,-10.0
CCCCN(CCO)c1ncccc1C#N,-10.0
CC(C)NCCCOc1ccc(C#N)cn1,-10.0
CCNc1cccc(CN(C)C(C)CO)n1,-10.0
Nc1ccccn1,-10.0
NC12CCC(CC1)C2=O,-10.0
Cc1cccc(CCNCC2CNCCN2C)c1,-10.0
CC#CCC(N)CSc1ccccc1,-10.0
CC(C)CCSc1ncccc1C#N,-10.0
N#Cc1cccn(CCN)c1=O,-10.0
C=CC=CCCC(N)c1cc(C)ccn1,-10.0
CN(CCN)C(=O)CCCOc1ccccc1,-10.0
O=CC(c1ccccc1)c1ccccn1,-10.0
C=CCS(=O)(=O)NCc1cnccc1C,-10.0
C=CCCC(=O)c1cnccc1C,-10.0
CCNc1cccc(CSC)n1,-10.0
CCC(C)(C)C=C1CC(N)C1,-10.0
CC(N)c1scnc1C#N,-10.0
N#Cc1cc(N2CC3CC3C2)ccn1,-10.0
OC1CCN(Cc2nncs2)CC1,-10.0
C#CC(N)CC(OC)c1ccccc1,-10.0
COCC(N)C(=O)Nc1cc(C)ccn1,-10.0
CCOC(=O)CC(=O)CCc1ccccc1,-10.0
N#Cc1ncccc1N1CC2CC1CS2,-10.0
NCCCN(c1ccccc1)c1ccccn1,-10.0
CSCC(C)C(NN)c1cnccc1C,-10.0
Nc1ccccc1,-10.0
CCC(NN)c1cnccc1C,-10.0
Cc1ccncc1C(=O)C(C)(O)C=O,-10.0
CC(C)(CO)Nc1ccncn1,-10.0
CC(N)c1cnc(C#N)o1,-10.0
N#CNC(=O)c1ccc(C#N)cn1,-10.0
Cc1ccncc1C(N)C(=O)O,-10.0
CCC(C)(C)N(C)c1ncccc1C#N,-10.0
N#Cc1cncc(C#CC(=O)O)c1,-10.0
O=C(CN1CCC(O)CC1)c1cccs1,-10.0
C=CCCNc1ncccn1,-10.0
CCNc1cccc(SCC(C)CO)n1,-10.0
CC1C(=O)NNC1CC(N)=O,-10.0
CSCC(C)(N)CCCOCc1ccccc1,-10.0
CCNc1ccc(C(N)=NO)cn1,-10.0
CC(C)(CCO)Nc1ccc(C#N)cn1,-10.0
CC(C)(C)NCC=Cc1ccccc1,-10.0
CCNc1cc(NC(C)(C)C)ccn1,-10.0
N#Cc1ccc(C2CCOCCN2)cc1,-10.0
COc1ccccc1S(N)(=O)=O,-10.0
Nc1cn2c(n1)CN=C2,-10.0
CCNC1(C#N)CCSC1,-10.0
CC(N)CCC(O)Cc1ccccc1,-10.0
Cc1ccncc1C(C)NC(=O)C(C)N,-10.0
CCNC1(C#N)CC2(CCC2)C1,-10.0
CCC(C)CC(N)CNCc1ccccc1,-10.0
O=CNNC(=O)c1ccccc1,-10.0
Nc1cncs1,-10.0
COCC(C)(N)CSCc1ccccc1,-10.0
N#Cc1cnn(CCN)c1,-10.0
CCOCCOc1ccncc1C#N,-10.0
CN1CCN(CC(N)=O)C1=O,-10.0
C#CCC(NN)c1cncnc1,-10.0
CC(=O)N(C)c1ncccc1C#N,-10.0
OC1CCN(Cc2nccs2)CC1,-10.0
CC(C=O)=Cc1cnccc1C,-10.0
CCNC(Cc1ccccn1)CC1CCCCC1,-10.0
COCCNCCc1ccc2c(c1)CCCN2C,-10.0
CC1CC(O)CCN1Cc1ccsc1,-10.0
Cc1ccncc1OCCCCC(N)=O,-10.0
COc1ncnc(C)c1N,-10.0
CC(C)=C1CCCCCC1N,-10.0
Cc1ccncc1CC(C)(C)N,-10.0
CN1C(=O)C(CC(N)=O)NC1=S,-10.0
CC(O)(C(=N)N)c1ncccc1C#N,-10.0
c1ccc(CCCCNCc2ccccn2)cc1,-10.0
CN1CCCc2cccc(CCCC#N)c21,-10.0
CCC(c1ccccc1)C(C)NN,-10.0
N#Cc1cccnc1NCC(N)CO,-10.0
CCC(=O)c1cncnc1,-10.0
CSc1cc(C)ccn1,-10.0
Cc1ccncc1C(C)(C)CC(C)O,-10.0
Cc1cccc(CC2CN(C)CCN2)c1,-10.0
CCNc1ncccc1CSC,-10.0
C=CCNCCOc1cnccc1C,-10.0
CC(C)(C)c1ccc(C#N)cn1,-10.0
NC1CC2CCC12,-10.0
COCC(C)CC(=O)Nc1cnccc1C,-10.0
C=C(C)CCNC(N)=Nc1ccccc1,-10.0
CCNc1ncc(N)c(N)n1,-10.0
CCONc1ccc(C#N)cn1,-10.0
CCN(CC)c1ncncc1N,-10.0
CCCNC(=O)COc1cnccc1C,-10.0
CCC(=CCc1ccccc1)C(=O)O,-10.0
CCCNc1ncncc1N,-10.0
CCNc1cc(C(=O)N(C)OC)ccn1,-10.0
C=CCCC(NCC)c1cnccc1C,-10.0
CCOCCCC(N)Cc1ccccc1,-10.0
COC(=O)c1ccccc1C(N)CS,-10.0
COC(OC)C(=O)Nc1cnccc1C,-10.0
C=CCNC(=O)c1ccc(NCC)nc1,-10.0
COCC(C)(C)Nc1ncccc1C#N,-10.0
CC(=O)CSCC(=O)NCc1ccccc1,-10.0
CCCCCN(C)c1ccc(C#N)cn1,-10.0
CCCNCC(C)Oc1cnccc1C,-10.0
CC(CCc1ccccc1)Nc1ccccn1,-10.0
CC(=O)OCC(=O)c1ccccc1,-10.0
CCOCC(NC)c1cnccc1C,-10.0
CC(CN)CNc1ccncc1C#N,-10.0
N#Cc1ccc(C2OCCNC2=O)cn1,-10.0
CCNc1cc(CNC(C)C)ccn1,-10.0
NN1C(=O)COC1=O,-10.0
NCC(O)c1ccccc1S(N)(=O)=O,-10.0
Cc1ccnc(C#CC(C)(C)O)c1,-10.0
CNC(=O)CCCNc1cc(C)ccn1,-10.0
CC12CCCC1C(=O)N2CC(N)=O,-10.0
COC(=O)CCSc1ccncc1C#N,-10.0
CCNc1cc(COC)ccn1,-10.0
NCC(SCc1ccccc1)c1cccnc1,-10.0
Cc1ccnc(NCC(C)CC(C)O)c1,-10.0
CNCC(C)C(O)c1cnccc1C,-10.0
NC1CC2(C1)NCCO2,-10.0
COCC(COC)Nc1cc(C)ccn1,-10.0
CCC(N)CNC(=O)c1cnccc1C,-10.0
NC(=O)NC(=O)c1ccncn1,-10.0
N#Cc1cccnc1NCCO,-10.0
CC(NCCC1CCCCC1)c1ccccn1,-10.0
CNCCCCc1cccc(C(=O)OC)c1,-10.0
Cc1ccncc1CNC(=O)C(C)ON,-10.0
CCC(Nc1cnccc1C)C(=O)OC,-10.0
Cc1ccncc1NC(=O)C(C)N(C)C,-10.0
COC(C)CN(C)c1ncccc1C#N,-10.0
CNC(C)C(=O)c1cncnc1,-10.0
N#Cc1cccnc1SCCN,-10.0
Cc1ccncc1CNC(=O)CCN,-10.0
CCC(CC)NCc1cc(C)ccn1,-10.0
C=CC(=O)c1ncccn1,-10.0
CCOC(Cc1ccccc1)OCC,-10.0
N#Cc1ccc(-n2ccnc2)cn1,-10.0
CC(=O)C(C)Cc1ccncn1,-10.0
C#CCNCc1ccncn1,-10.0
CCCc1ncc(N)c(O)n1,-10.0
C#CC(=O)c1cnccc1C,-10.0
Cc1ccncc1C(N)=O,-10.0
CCC(N)CC(=O)Nc1cnccc1C,-10.0
Cc1ccc(C#N)cn1,-10.0
CC1CCCC(CC(N)=O)C1,-10.0
CCCC(CC)Nc1cccc(NCC)n1,-10.0
CCNS(=O)(=O)c1ncccc1C#N,-10.0
CC(N)COCc1ncccn1,-10.0
CN1CCCc2cccc(CCON)c21,-10.0
S=C=Nc1cncnc1,-10.0
CCOC(=O)c1ccncc1C#N,-10.0
CN(CCC(N)=O)c1ccncc1C#N,-10.0
C#CCOC(=O)Nc1ccc(C#N)cn1,-10.0
CNc1nc(N(C)C)ncc1N,-10.0
CCCC(O)CCNc1ccc(C#N)cn1,-10.0
CCC(C)(C)CCOc1cnccc1C,-10.0
Cc1ccnc(NCCCCO)c1,-10.0
CC(C)OCCNC(N)=NCc1ccccc1,-10.0
OCC(CC1CCCCC1)NCc1ccncc1,-10.0
Cc1ncccc1CC(N)=O,-10.0
Cc1ccnc(CNC(C)C(C)N)c1,-10.0
Cc1ccsc1-c1cncnc1O,-10.0
CN(C)c1ccncn1,-10.0
Cc1ccncc1C(=O)N(C)C,-10.0
CCC=C1CCC(N)CC1,-10.0
CC(O)(CN)c1ncccn1,-10.0
Cc1ccncc1CN(C)CC(C)(C)N,-10.0
OCC(NCc1ccccc1)c1ccncc1,-10.0
CNC(=N)SCc1cncc(C#N)c1,-10.0
Cc1ccncc1CNCC(C)(C)N,-10.0
CCC(C)CC(C#N)Nc1ccccc1,-10.0
CCOC(=O)Cc1ncccn1,-10.0
c1ccc(CCNCCOC2CCCCC2)nc1,-10.0
CC(C)C(CO)CNCCc1ccccc1,-10.0
N#CCC(N)c1ccncn1,-10.0
CCC=CC(=O)C=Cc1ccccc1,-10.0
CCC(Nc1cc(C)ccn1)C(C)N,-10.0
N#CC(N)c1ccncn1,-10.0
CCCCCC(N)c1cc(C)ccn1,-10.0
N#Cc1ccc(C2COCCCN2)o1,-10.0
CCN(C)CCNCc1cnccc1C,-10.0
CSc1ncc(N)c(O)n1,-10.0
N#Cc1ncccc1N1CC2CC2C1,-10.0
CCC(N)CCN(C)Cc1ccccc1,-10.0
CC(C)CC(NO)c1ccccc1,-10.0
N#Cc1cccc(C2NCCNC2=O)n1,-10.0
CC(N)COCc1cncc(C#N)c1,-10.0
Cc1cscc1C1NCCCC1O,-10.0
c1cncc(CNCCOC2CCCCC2)c1,-10.0
Cc1ccncc1NS(C)(=N)=O,-10.0
N#Cc1ccc(-n2cnnc2)cn1,-10.0
CCC(CS)CN(CC)c1ccccc1,-10.0
CCNC(CC)Cc1ccccc1,-10.0
CC(=O)NNC(C)c1ccccc1,-10.0
C=CC(C)Nc1ccncn1,-10.0
O=C(CC1CCCC1)Nc1cccnc1,-10.0
CCCCC(CC)CSc1ccccc1,-10.0
Cc1ccncc1C(N)C(O)C(C)C,-10.0
Cc1ccnc(OCC(C)N)c1,-10.0
COC(C)(C)C(NN)c1cnccc1C,-10.0
CC#CCNCc1ccncn1,-10.0
CSCC(N)c1ccncn1,-10.0
CNC(C)CC(C)(C)c1cnccc1C,-10.0
CC(O)Cc1ccc2c(c1)CCCN2C,-10.0
CC(=O)Nc1ccc(O)nc1,-10.0
CCNc1ncccc1OCC,-10.0
NC1CCc2scnc21,-10.0
CNCC(C)Sc1ncccn1,-10.0
CC=CC(NC)C(O)c1cnccc1C,-10.0
CC(CCN)CNC(C)COCc1ccccc1,-10.0
CCNc1ncccc1CSCCN(C)C,-10.0
Cc1ccnc(C(CN)CO)c1,-10.0
C#CCCCCCSc1ccccc1,-10.0
CCNc1cc(NCCC(C)C)ccn1,-10.0
C#CC(CO)Nc1ccnc(NCC)c1,-10.0
N#Cc1cccc(N2CCCO2)n1,-10.0
Cc1ccncc1CNC(C)(C)CCO,-10.0
Cc1ccnc(CNS(N)(=O)=O)c1,-10.0
CSCCNCc1cncc(C#N)c1,-10.0
N#CC1CC(CCN)C1,-10.0
CNC(COC(C)C)c1cnccc1C,-10.0
N#Cc1ncccc1C1CC(=O)CCN1,-10.0
CCC(C)Sc1ccncc1C#N,-10.0
CC(N)c1cc(C#N)sn1,-10.0
CC(C)Oc1ncc(N)cn1,-10.0
SCCc1cncnc1,-10.0
CCCCNc1ccncn1,-10.0
CCSCCC(C)Nc1ncccc1C#N,-10.0
COCCNc1ccncn1,-10.0
CCNCC(O)c1ccncn1,-10.0
C#CC(C)NC(=O)COCc1ccccc1,-10.0
Cc1ccccc1N(C)CCC1CNCCN1C,-10.0
Cc1ccncc1CNC(C)C(C)O,-10.0
CC(O)c1ccc2c(c1)CCCN2C,-10.0
CCCN(Cc1ccccc1)CC(N)COC,-10.0
CC(Cc1ccccc1)NCCc1cccnc1,-10.0
Cc1ccsc1C1CC(O)C12CCCC2,-10.0
CCNCCCc1cnccc1C,-10.0
NC1Cn2cncc2C1=O,-10.0
CCCN(CC)CCSc1ccccc1,-10.0
CC(O)(CCN)CCCOCc1ccccc1,-10.0
CC(N)CCSCCCc1ccccc1,-10.0
NNc1ccccc1S(N)(=O)=O,-10.0
COCC#CCNCc1cc(C)ccn1,-10.0
CCNc1cc(COCC(C)C)ccn1,-10.0
CC(C)c1ccncn1,-10.0
NC1CCS(=O)(=O)CC1=O,-10.0
COCCNC(=NN)Nc1cnccc1C,-10.0
Cc1ccncc1CCC(=O)C(C)C,-10.0
Cc1ccncc1C(=O)NCC(C)(C)N,-10.0
CC#CCC(O)COc1ccccc1,-10.0
CC(=O)Nc1cn(C)cn1,-10.0
NC1CCC1,-10.0
C=C(C)Cc1cncnc1,-10.0
CCCNCc1cccc(NCC)n1,-10.0
C#Cc1ncccn1,-10.0
CCN(CC)c1ccc(C(=O)OC)cc1,-10.0
CCCC(NC)c1ncccn1,-10.0
COCCCCNc1ccncc1C#N,-10.0
CNCCC(O)c1cncnc1,-10.0
OC(=NCc1ccccc1)c1ccncc1,-10.0
N#Cc1cccnc1NCCOC(N)=O,-10.0
Cc1ccsc1C1CCCCCC1O,-10.0
C#CCc1cccc(C(=O)OC)c1,-10.0
CC(O)CCCNc1ccc(C#N)cn1,-10.0
O=C(C#Cc1ccccc1)c1cccnc1,-10.0
COCCC(=O)c1ccncn1,-10.0
CNC(=NCc1cc(C)ccn1)NC,-10.0
CC#CCOc1ncccc1C#N,-10.0
Cc1ccncc1C(O)CC(C)(C)C,-10.0
C#CCNCC(=O)NCc1ccccc1,-10.0
C#CC(C)N(C)c1cc(C)ccn1,-10.0
Cc1ccsc1C1(O)CC2CCCC21,-10.0
CC=CC(NC)c1ncccn1,-10.0
CC#CCCNCc1cnccc1C,-10.0
CNC(C)c1cncc(C#N)c1,-10.0
CC=CC(=O)Nc1cc(C)ccn1,-10.0
C#CC(C)Nc1ccncn1,-10.0
NC1=NC(=O)CN1,-10.0
CCNc1ccc(COC)cn1,-10.0
COC(Cc1cc(C)ccn1)C(=O)O,-10.0
CN1CCCc2c(CO)cccc21,-10.0
C#CC(N)c1cncnc1,-10.0
N#Cc1ccc(C2COC(=O)C2)cn1,-10.0
CC(Cc1ccccc1)NOC(C)(C)C,-10.0
N#Cc1ccccc1S(N)(=O)=O,-10.0
CC(=O)C(O)c1cc(C)ccn1,-10.0
COC(C)CCC(=O)Nc1cnccc1C,-10.0
CNc1ccc(C#N)cn1,-10.0
NC12CC(C1)C2,-10.0
N#CCc1ncccc1C#N,-10.0
CC(CCN)c1ccc2c(c1)CCCN2C,-10.0
NC(Cc1ccncc1)c1ccccc1,-10.0
Cc1ccncc1C(C)NN,-10.0
CNC(C)CNc1ccncn1,-10.0
CCCC(CC)Nc1cnccc1C,-10.0
Nc1cncnc1O,-10.0
CC(c1cccs1)N1CCC(O)CC1,-10.0
CC(C)=C1CC(N)C12CCC2,-10.0
OC1(Cc2ccsc2)CCC1,-10.0
NC1Cn2nccc2C1=O,-10.0
CCNc1cccc(C(=O)O)n1,-10.0
c1ccc(CONCCNc2ccccn2)cc1,-10.0
CCNCCc1ccc(C(=O)OC)cc1,-10.0
CCSCCCNCc1cnccc1C,-10.0
COCCNCCNc1cc(C)ccn1,-10.0
O=C(CNc1ccccn1)NC1CCCCC1,-10.0
Cc1ccncc1COC(CN)C(C)C,-10.0
CC#CCSCc1cc(C)ccn1,-10.0
C#CCCNc1ccccc1S(N)(=O)=O,-10.0
CC(=O)COc1cncnc1,-10.0
C#CCC(O)CNCc1cnccc1C,-10.0
NC1C2CC3C(C2)C13,-10.0
CC(C)NC(=N)c1ncccn1,-10.0
CCNCC(=O)c1cnccc1C,-10.0
COCC(C)CNc1ccncc1C#N,-10.0
CCC(C=O)=Cc1cnccc1C,-10.0
NC(=NO)C(CNCCCO)c1ccccc1,-10.0
CCC(C)CC(NN)c1cnccc1C,-10.0
C=C1CC(N)C1,-10.0
CCC(C)CCC(=O)Nc1cnccc1C,-10.0
CCCNCCNc1ccc(C#N)cn1,-10.0
COC(=O)c1ccc(OCCCS)cc1,-10.0
CCC(C)(N)Cc1ccncn1,-10.0
CCCCCNC(C)c1cc(C)ccn1,-10.0
N#CC#Cc1ccccc1,-10.0
NCCCN(Cc1ccccn1)C1CCCCC1,-10.0
NC(COCc1ccccc1)Cc1ccccn1,-10.0
Cc1ccncc1NC(=O)CC(N)=S,-10.0
N#Cc1ccc(N2CC3CC2CN3)cn1,-10.0
OC1CCN(CC2CCCO2)CC1,-10.0
COC(=O)COc1ccncn1,-10.0
CCNC1(C#N)CC2CCCCC21,-10.0
OC1CCN(CCc2ccsc2)CC1,-10.0
N#Cc1ccc(NCC(N)=O)nc1,-10.0
NC12C3CC1CC2C3,-10.0
CNC(=O)c1cncc(C#N)c1,-10.0
N#Cc1cccc(C2CCC(=O)N2)n1,-10.0
N#Cc1cccc(N2CCCCC2)n1,-10.0
COCCCNCc1cnccc1C,-10.0
CCNC(C)CC(=O)Nc1cnccc1C,-10.0
C#CCC(NC)c1cc(C)ccn1,-10.0
NN(c1ccccc1)c1ccccn1,-10.0
COC(=O)C(C)Cc1cnccc1C,-10.0
COC(C)CNC(C)c1cnccc1C,-10.0
Cc1ccnc(NC(C)CC(=O)O)c1,-10.0
Cc1ccncc1NC(=O)C(N)C(C)C,-10.0
N#Cc1cncc(CNCCC(N)=O)c1,-10.0
N#Cc1ccc(N2CCCCC2)cn1,-10.0
C=C(C)CN(C)c1ccnc(NCC)c1,-10.0
CN=C(N)SCc1cncc(C#N)c1,-10.0
Cc1ccncc1COCCNC(C)C,-10.0
C#CC(O)c1cc(C)ccn1,-10.0
C#CCONCc1ncccn1,-10.0
NCC1CCCCN1Cc1ccsc1,-10.0
CCNC1(C#N)CCC2CCC1O2,-10.0
C=CCOC(=O)c1ccccc1,-10.0
CN(C)CC(O)c1cncnc1,-10.0
CC(O)(Cc1ccccc1)c1cccnc1,-10.0
Cc1ccncc1C(O)CC(C)N,-10.0
Cc1ccsc1C1(O)CCCNCC1,-10.0
CC(=O)NCCSc1ncccc1C#N,-10.0
OC(CNCc1cccnc1)c1ccccc1,-10.0
N#CCC(Sc1ccccn1)c1ccccc1,-10.0
CN1CCC(C(O)C#N)c2ccccc21,-10.0
COC(=O)Nc1cc(C)ccn1,-10.0
NCc1ncccc1N1CCCOCC1,-10.0
CC(CNCc1ccccc1)c1ccncc1,-10.0
CNC(CCO)c1cnccc1C,-10.0
O=C(COc1ccccc1)Nc1ccccn1,-10.0
CCOCCNC(C)c1cc(C)ccn1,-10.0
CN(c1ccncc1C#N)C(C)(C)CN,-10.0
COc1ncc(N)c(C(=O)O)n1,-10.0
CC(C)CC=C1CCCCC1N,-10.0
C=C=CCC(O)CCc1ccccc1,-10.0
Cc1ccncc1CNC(C)CN(C)C,-10.0
CN1CCCc2c(CCC#N)cccc21,-10.0
CNCc1cccc(S(N)(=O)=O)c1,-10.0
CNC(c1cc(C)ccn1)C(C)C,-10.0
CCOC(=O)CNC(=O)c1ccccc1,-10.0
NCCOc1cccc(S(N)(=O)=O)c1,-10.0
CCNC(COC)c1cc(C)ccn1,-10.0
COC(=O)c1ccccc1CNCC(C)O,-10.0
OC1CC2CCC1N(Cc1ccsc1)C2,-10.0
CC1CCCNC1CC(N)=O,-10.0
CCCNC(c1ccccc1)C(C)O,-10.0
CCNC1CCNCCC1C#N,-10.0
CSCCCN(C)c1ncccc1C#N,-10.0
N#Cc1cccc(OCCN2CCOCC2)c1,-10.0
CC(C)CCNC(=O)Oc1ccccc1,-10.0
CNCCCc1ccccc1,-10.0
C=C(CSc1ncccn1)OC,-10.0
CCC(CC)C(N)c1cnccc1C,-10.0
Cc1cncc(=O)n1CC(N)=O,-10.0
COC(=O)NCCNc1cc(C)ccn1,-10.0
CNCC1CCCN(Cc2ccsc2)C1,-10.0
CC1C2CNCC2CN1CC(N)=O,-10.0
c1ccc(CCNC2CCCCC2)nc1,-10.0
C=C(CC)CNc1ccc(C#N)cn1,-10.0
CC=CCNS(=O)(=O)c1ccccc1,-10.0
CC(N)c1cc(C#N)ns1,-10.0
COCCNc1ncncc1N,-10.0
CCCN(C)c1ccnc(NCC)c1,-10.0
CSCC(C)C(N)c1cnccc1C,-10.0
CCNC1(C#N)CCCNC1,-10.0
CCC(CCO)Nc1ncccc1C#N,-10.0
CCCNC(C)c1ccc(C#N)cn1,-10.0
CCCCOC(=O)c1ccc(C#N)cn1,-10.0
CCCC(O)c1ccncn1,-10.0
CCNc1ncccc1C(=O)OCC,-10.0
OCCNCc1cncnc1,-10.0
C#CCNCCCc1cnccc1C,-10.0
NCC(COc1cccnc1)C1CCCCC1,-10.0
CN(C)NCc1ncccn1,-10.0
Cc1ccncc1C(C)(C)CON,-10.0
CON(CCN)Cc1cncc(C#N)c1,-10.0
CC(N)c1ncc(C#N)s1,-10.0
Cc1ccnc(NCCCNC(C)C)c1,-10.0
NCC(c1ccccc1)c1cccnc1,-10.0
CCCONCc1ncccn1,-10.0
C#CCN(c1ccncc1C#N)C(C)C,-10.0
CC(C)C(C)N(C)CCc1ccccc1,-10.0
COC(=O)c1ccccc1NC(=O)CSC,-10.0
CC(C)=CC(=O)Nc1cc(C)ccn1,-10.0
CC(CN)(CCCCO)c1ccccc1,-10.0
SCC(CSc1ccccn1)c1ccccc1,-10.0
CCC(C)CNCc1ccccc1C(=O)OC,-10.0
CNC(Cc1ccccc1)C(N)=O,-10.0
Cc1ccsc1-c1ccc(O)cn1,-10.0
CCOC(=O)c1ncccn1,-10.0
CC(=O)C(C)Cc1ncccn1,-10.0
COCCNC(C#N)c1cnccc1C,-10.0
C#CCC(CC)Nc1ccc(C#N)cn1,-10.0
CCC(C)(C)NCc1cncc(C#N)c1,-10.0
N#Cc1ccc(C2CNCCOC2)s1,-10.0
OCCNc1ccncn1,-10.0
COC(=O)c1ccccc1CCCS,-10.0
C=CC(CO)Nc1ccncc1C#N,-10.0
Cc1cccc2c1CCCN2C,-10.0
NC1CNCCOC1,-10.0
CCCC(C)NCc1cncc(C#N)c1,-10.0
COC(=O)c1cccc(C=CCO)c1,-10.0
N#CC=C(c1ccccc1)c1ccncc1,-10.0
COC(=O)c1cccc(O)c1,-10.0
N#Cc1cnccc1OCCO,-10.0
CC1CN(CC(N)=O)CCC1=NO,-10.0
COC(C(N)=S)c1ncccn1,-10.0
CC(C(=O)NO)C(N)c1ccccc1,-10.0
CC(CCCc1ccccc1)=NO,-10.0
Cc1ccncc1COCCN,-10.0
CCN(CC)Cc1ccc(C#N)cn1,-10.0
CC(N)c1nnc(C#N)o1,-10.0
CCCC(C)(C)Nc1cc(C)ccn1,-10.0
CCNc1cccc(NCC(C)O)n1,-10.0
N#Cc1csc(C2CCNCCO2)c1,-10.0
CC(C)(O)CNc1ccc(C#N)cn1,-10.0
CCNc1cccc(OC(C)CC(C)C)n1,-10.0
Cc1ccsc1-c1cncc(O)c1,-10.0
N#CCCc1ncccn1,-10.0
CNCC(O)c1ccc(C(=O)OC)cc1,-10.0
CSCC(C)CNc1ccncc1C#N,-10.0
CSC(C)CNc1cc(C)ccn1,-10.0
N#Cc1ncccc1N1CCCC1,-10.0
C=CCC(C)C(=O)c1cnccc1C,-10.0
CC(C)(N)COCc1ccccc1,-10.0
Cc1ccncc1C(NC(C)C)C(=O)O,-10.0
N#Cc1ccc(C2CNC(=O)C2)cn1,-10.0
Cc1ccnc(N(C)C(C)(C)CO)c1,-10.0
CN(CC=O)c1ncccc1C#N,-10.0
NOCCNc1ccccc1S(N)(=O)=O,-10.0
C#CCNCCOc1cnccc1C,-10.0
CC12CSCC1CN(CC(N)=O)C2,-10.0
C=CC(C)Oc1ccnc(NCC)c1,-10.0
N#Cc1cccc(-c2nnco2)n1,-10.0
CNCCc1cc(C)ccn1,-10.0
Cc1ccncc1NCCCC(C)C,-10.0
CCCN(C)Cc1cccc(NCC)n1,-10.0
NC1CC(=O)N2CCCC12,-10.0
OC1CCN(CC2CCSC2)CC1,-10.0
O=C(Cc1ccncc1)Nc1cccnc1,-10.0
CN(C)CCCSc1ccc(C#N)cn1,-10.0
COc1cccc2c1N(C)CCC2,-10.0
CCNc1ncccc1CN(C)CC,-10.0
N#Cc1cc(N2C3CCC2CC3)ccn1,-10.0
COCC(O)c1ccccc1C(=O)OC,-10.0
CCNCC(Cc1cccnc1)c1ccccc1,-10.0
CS(=O)(=O)NCCN1CCOCC1,-10.0
COCCCC(N)CCc1ccccc1,-10.0
CCOC(=O)CCC=Cc1ccccc1,-10.0
CC(C)=CCCc1cnccc1C,-10.0
CCNc1ncccc1CNCC(C)C,-10.0
COC(=O)c1ccc(NC(C)=O)cc1,-10.0
CC(CN(C)C)Nc1ccc(C#N)cn1,-10.0
CSCCCNc1cnccc1C,-10.0
C=CC(C)(C)Nc1ncccn1,-10.0
C=CC(N)c1ccc2c(c1)CCCN2C,-10.0
C=CCSc1ccnc(NCC)c1,-10.0
CC1CCCCN(CC(N)=O)C1=O,-10.0
CC(=O)C(C#N)c1ccncn1,-10.0
C=C(C)CN(C)c1cc(C)ccn1,-10.0
CCOCCN(CC)c1ccc(C#N)cn1,-10.0
SCC=CCSc1ccncn1,-10.0
CCSCC(C)Nc1ccncc1C#N,-10.0
CC(=O)CCCC(C)c1ccccc1,-10.0
CC=CCS(=O)(=O)c1ccccc1,-10.0
COc1nc(N(C)C)ncc1N,-10.0
C#CCC=C1CCCCC1N,-10.0
Cc1ccncc1CNC(=O)CC(=O)O,-10.0
Cc1ccncc1OC(C)C(C)O,-10.0
CC(C)C(C)SCc1cncc(C#N)c1,-10.0
CCCCC(C)(N)c1cnccc1C,-10.0
CC(C)NCCOc1ccc(C#N)cn1,-10.0
COC(CN)CC(c1ccccc1)C(C)C,-10.0
O=C(Cc1ccon1)Nc1cccnc1,-10.0
NS(=O)(=O)c1ccccc1C#CCO,-10.0
CC(N)C(C)C(O)Cc1ccccc1,-10.0
CC(NO)c1ccncn1,-10.0
CNCC(C)Oc1ccncc1C#N,-10.0
Cc1ccnc(CSC(C)C)c1,-10.0
CC(Cc1ccncc1)NCc1ccccc1,-10.0
CN1CCCc2c(C(O)C#N)cccc21,-10.0
CCCC(=O)Nc1ccc(C#N)cn1,-10.0
CCC(CCc1ccccc1)C(=O)OC,-10.0
Cc1ccncc1CC(N)=NO,-10.0
CC(C)(C)CC=C1COCC1N,-10.0
CCCOCc1ccnc(NCC)c1,-10.0
C=CCCCOc1cccc(NCC)n1,-10.0
Cc1ccncc1C(=O)NOCC(=O)O,-10.0
CCC(O)C(C)(C)c1ccccc1,-10.0
Cc1ccncc1CCCCNCC(C)C,-10.0
CC(CCN)SCCOc1ccccc1,-10.0
OC1CCC2CC1CN2Cc1ccsc1,-10.0
CCCCSc1ccc(C#N)cn1,-10.0
NC1COC2(COC2)C1,-10.0
C=CCC(COCc1ccccc1)NN,-10.0
CCN(CCCCO)Cc1ccccc1,-10.0
CCCN(OC)c1ccnc(NCC)c1,-10.0
COC(=O)c1cccc(CCS)c1,-10.0
CSCCNc1ccccc1S(N)(=O)=O,-10.0
Cc1ccnc(C(N)CS)c1,-10.0
CCCNCc1cccnc1NCC,-10.0
CCCCNC(=O)Nc1ncccc1C#N,-10.0
N#Cc1ccc(NCC=CCN)nc1,-10.0
CC(O)CN(C)c1ncccc1C#N,-10.0
NC1=NC(=O)C2(CC2)S1,-10.0
C=CC=C1CCOCC1N,-10.0
Cc1ccsc1C1(O)CCCC12CC2,-10.0
CCOC(=O)C(N)CCc1cnccc1C,-10.0
C=CCNc1ncncc1N,-10.0
N#Cc1cccc(C2CCCNC2)n1,-10.0
CCC(CNCc1ccncc1)c1ccccc1,-10.0
NC(=O)CC1(c2cccs2)CCCCC1,-10.0
CC=CCCNc1ncccn1,-10.0
CCC(CC)(CO)Sc1cc(C)ccn1,-10.0
NC(CCc1ccccc1)C(O)C(=O)O,-10.0
Cc1ccncc1CNCCCN(C)C,-10.0
N#Cc1cncc(CSCC(O)CO)c1,-10.0
Cc1ccncc1CNC(C)(CO)CO,-10.0
CC=CC(=O)NCCCCOCc1ccccc1,-10.0
CCCNC(C)C=Cc1cnccc1C,-10.0
CN1CCCc2cc(C(N)=NN)ccc21,-10.0
CCNc1cc(NCC(C)SC)ccn1,-10.0
CCCC(CN)Nc1cc(C)ccn1,-10.0
CCC(C)CSc1ncccn1,-10.0
CC(C)(N)COc1ncccc1C#N,-10.0
CCNc1ncc(C#N)cc1C,-10.0
CCCC(C)CC(=O)c1cc(C)ccn1,-10.0
N#CCC1CCN(Cc2ccsc2)CC1,-10.0
N#CCCc1ccncn1,-10.0
NCCNc1ncc(N)cn1,-10.0
CC(C)(c1ccccc1)C(O)CN,-10.0
NC1COCC1=O,-10.0
C=C(C)CCOc1cccc(NCC)n1,-10.0
CC(=O)Nc1cncc(C#N)c1,-10.0
CCNc1ccc(CSCC(C)CO)cn1,-10.0
CCCOCCCNc1cc(C)ccn1,-10.0
CCNc1cccc(CSC(C)(C)C)n1,-10.0
C=CCSc1ccc(C#N)cn1,-10.0
Cc1csc(C2OCCC2O)c1,-10.0
CC=C1CCC(N)CC1,-10.0
CC#CCC(NN)C(C)OCc1ccccc1,-10.0
CC#CCCNCc1cc(C)ccn1,-10.0
CCC(COC)NCCc1ccccc1,-10.0
C#CCN(CCC)c1ccc(C#N)cn1,-10.0
CCC(C)CNc1ncccn1,-10.0
CNC(=N)c1cc(C)ccn1,-10.0
CCNc1cccc(CNCC(C)C)n1,-10.0
CN1CCCc2cc(C(N)=O)ccc21,-10.0
COC(CCN)c1cc(C)ccn1,-10.0
CC(C)(N)Cc1cncnc1,-10.0
CC(=O)NOCc1ncccn1,-10.0
CC(C)(C)OCc1cncc(C#N)c1,-10.0
CC(C)(C)SCc1ccc(C#N)cn1,-10.0
CCNc1ccc(CN(CC)OC)cn1,-10.0
CCC(Nc1cnccc1C)C(=O)O,-10.0
CNC(CCc1cnccc1C)C(C)C,-10.0
CCCNC(=NN)c1cnccc1C,-10.0
Cc1ccnc(C(C)(C)C(N)=S)c1,-10.0
CN(CCC#N)c1cncnc1,-10.0
CN(CCNCc1cccnc1)C1CCCCC1,-10.0
CCNCCOc1ncccc1C#N,-10.0
Cc1cnccc1CC(N)=O,-10.0
NC1CC2CCSC2C1,-10.0
Cc1ccncc1OCC(=O)O,-10.0
N#Cc1cc(C2CCCCC2)ccn1,-10.0
CC(CNc1ncccc1C#N)CC(=O)O,-10.0
CNc1ncc(N)c(N)n1,-10.0
CCC(C)Nc1ccncn1,-10.0
CCCNCCN(C)CCOCc1ccccc1,-10.0
Cc1ccncc1C(NN)C(C)C,-10.0
CCNc1cc(N(C)CCC#N)ccn1,-10.0
CN1CCCc2cc(CC(O)CN)ccc21,-10.0
C#CCC(O)CNc1cc(C)ccn1,-10.0
C=CCSCc1ccc(NCC)nc1,-10.0
CC(=O)NC1(C)CCCNC1,-10.0
C#CCN(C)c1ccccc1C(=O)OC,-10.0
Cc1ccnc(CC(N)C(=O)O)c1,-10.0
O=C(CC1CCCCC1)Nc1ccnnc1,-10.0
O=C1CCCC(CN2CCC(O)CC2)C1,-10.0
CCCNC(=N)SCOCc1ccccc1,-10.0
N#Cc1ccc(OCC(=O)O)nc1,-10.0
CNC(C)CCc1cncnc1,-10.0
CCCC(=N)NCc1cc(C)ccn1,-10.0
CC(=O)NCCNc1ccncc1C#N,-10.0
COC(=O)c1nscc1S(N)(=O)=O,-10.0
CC1CCCN(CC(N)=O)C1=O,-10.0
CCC(C)CNCc1cc(C)ccn1,-10.0
COCCCC(=O)COCc1ccccc1,-10.0
CCNC(C)CC(OC)c1ccccc1,-10.0
OC1(Cc2ccsc2)CCSC1,-10.0
CC#CCCNC(C)c1cnccc1C,-10.0
CCC(Nc1cc(C)ccn1)C(=O)O,-10.0
OC1CCN(CC2CCNC2)CC1,-10.0
C=CCCCC(=O)c1cc(C)ccn1,-10.0
CCNCC#Cc1ccncn1,-10.0
CC(C)C(=O)COCc1ccccc1,-10.0
C=CC(N)C=Cc1ccccc1,-10.0
Cc1ccnc(NC(=O)C(C)S)c1,-10.0
CCNC(c1cc(C)ccn1)C(C)CC,-10.0
N#Cc1ccc(CCC2CNCCO2)cc1,-10.0
CC(C)C(C)C(CN)NCc1ccccc1,-10.0
CC(N)c1cc(C#N)no1,-10.0
COC(=O)c1cccc(NCC(C)C)c1,-10.0
CN1CCCC(CC(N)=O)C1,-10.0
O=C(CC1CCNCC1)Nc1cccnc1,-10.0
CC(C)C(N)CCCOc1ccccc1,-10.0
CNCC(=Cc1ccncc1)C1CCCCC1,-10.0
CN(CCCNc1ccncc1)c1ccccc1,-10.0
CC(CCCO)NC(=O)CSc1ccccc1,-10.0
NNC(c1cccnc1)C1CCCCC1,-10.0
CC(Cc1ccsc1)N1CCC(O)CC1,-10.0
CCONCc1cncc(C#N)c1,-10.0
CCC(O)(CN)c1cnccc1C,-10.0
NC1CC(=O)C2SC=CC12,-10.0
COCC(N)c1ccncn1,-10.0
COC(C)C(C)(O)c1cnccc1C,-10.0
N#Cc1ccc(C2CNCCCO2)s1,-10.0
Nc1c(O)ncnc1S,-10.0
CCC=CCNc1ccncn1,-10.0
C#CCCCCNc1ncccc1C#N,-10.0
CC(O)(C=O)c1cncnc1,-10.0
CS(=O)(=O)Nc1ncccc1C#N,-10.0
CCNC1(C#N)CC2COCC21,-10.0
CN1CCCc2cccc(CC(=N)N)c21,-10.0
CC(=O)NC1(C)CCOC1,-10.0
Nc1ccns1,-10.0
N#Cc1ccc(NCCOC(N)=O)nc1,-10.0
CC(CN)(c1ccccn1)C1CCCCC1,-10.0
Cc1ccncc1CC(N)C(C)C,-10.0
N#CCc1cncc(C#N)c1,-10.0
CC1CNC(=O)N(CC(N)=O)C1,-10.0
CC(C)CCNCC(C)Oc1ccccc1,-10.0
COC(C)CC(O)c1cnccc1C,-10.0
C=CCCCC(O)c1cc(C)ccn1,-10.0
CC(CNCc1ccccn1)Oc1ccccc1,-10.0
COCCN(C)Cc1cncc(C#N)c1,-10.0
NC1COCOC1,-10.0
NC1CC12CCSCC2,-10.0
COCC(C)=C1COCC1N,-10.0
CCNC(C(=O)OC)c1cnccc1C,-10.0
CC(=CCNCc1ccccc1)C(=O)O,-10.0
CCCC=C1CCCC1N,-10.0
CCC(N)C(=O)NCc1cc(C)ccn1,-10.0
C#CCNC(CC)C(C)c1ccccc1,-10.0
CC(C)c1nc(O)ncc1N,-10.0
COC(=O)c1ccc(CCC=O)cc1,-10.0
CC(C)OCCOc1ccncc1C#N,-10.0
CC#CCC(NN)c1cc(C)ccn1,-10.0
O=CC1CCCN(Cc2ccsc2)C1,-10.0
NC1=NC2(COC2)C(=O)N1,-10.0
NC1CC12CCC(=O)CC2,-10.0
CC(CCNCc1cccnc1)c1ccccc1,-10.0
CC1CCN(CC(N)=O)C(=O)C1,-10.0
CC(NCCC1CCCCC1)c1cccnc1,-10.0
Cc1ccncc1CC#N,-10.0
CCNC(CN)c1ccncn1,-10.0
N#Cc1cccnc1OC(=O)CO,-10.0
NC1CNC(=O)CCC1=O,-10.0
C=CC(=O)c1cnccc1C,-10.0
CCOCC(=O)NOCc1ccccc1,-10.0
COC(C)CC(N)c1cnccc1C,-10.0
CC(O)CC(c1ccccc1)C(C)C,-10.0
CCCOc1ccnc(NCC)c1,-10.0
CC(O)CNc1ccncn1,-10.0
N#Cc1ncccc1C1CC(=O)CO1,-10.0
N#Cc1ccc(NOCC(=O)O)nc1,-10.0
Cc1ccncc1C(C#N)NC(C)C,-10.0
CCCCN(CCO)c1cc(C)ccn1,-10.0
COC(=O)Nc1cncnc1,-10.0
N#Cc1ccc(NO)nc1,-10.0
Cc1ccnc(SCCCO)c1,-10.0
Cc1ccnc(NC(=O)NCC(C)O)c1,-10.0
NC1Cc2sccc2C1=O,-10.0
NC1CC(=O)c2cscc21,-10.0
CCNCC(O)CCN(C)Cc1ccccc1,-10.0
CSC(C)(C)C(NN)c1cnccc1C,-10.0
COC(=O)c1ccccc1OC(C)(C)C,-10.0
CC(CO)(NCCN)c1ccccc1,-10.0
CC(CC(N)=O)Nc1ccncc1C#N,-10.0
NC(COCc1ccccc1)Cc1ccncc1,-10.0
CCS(=O)(=O)c1ncccn1,-10.0
Cc1ccnc(CNCCCCO)c1,-10.0
CON(CCN)c1ccncc1C#N,-10.0
CN1CC(CCO)Cc2ccccc21,-10.0
C=CCCCC(C)Nc1cc(C)ccn1,-10.0
Cc1ccccc1CCNCC1CNCCN1C,-10.0
CC(C)(C)NCC(O)COc1ccccc1,-10.0
COC(CO)c1cncnc1,-10.0
CCc1ccccc1,-10.0
CCNc1ccc(CC(=O)OC)cn1,-10.0
COC(=O)c1cccc(C=NN)c1,-10.0
CCNc1ccc(CN(C)OCC)cn1,-10.0
CCC(=Cc1cnccc1C)CN,-10.0
O=C(CSC1CCCCC1)Nc1ccncc1,-10.0
CCCOC(=O)c1cncnc1,-10.0
Cc1ccsc1C1CC(O)CN1,-10.0
CCNC(=NN)c1cnccc1C,-10.0
NCC(Cc1ccccn1)C1CCCCC1,-10.0
Cc1ccncc1C(N)C(C)C(C)C,-10.0
Cc1ccncc1CNC(=O)OC(C)C,-10.0
CC(SCCOCc1ccccc1)C(=O)O,-10.0
CC(N)CC(=O)NCc1ccccc1,-10.0
CC(C)NCC(N)CCc1ccccc1,-10.0
CC(N)(CO)c1ncccn1,-10.0
O=C(NNc1ccccn1)NC1CCCCC1,-10.0
Cc1ccncc1C(N)CSCC(C)C,-10.0
CCC(CC)c1ncc(N)cn1,-10.0
C=CC(Oc1cnccc1C)C(=O)OC,-10.0
Cc1ccnc(CON)c1,-10.0
CCSCC(C)NCc1cc(C)ccn1,-10.0
CCCN(CC)c1cccc(NCC)n1,-10.0
CCC(CC)CC(=O)c1cnccc1C,-10.0
CN1CCCc2cc(OCCC#N)ccc21,-10.0
C(=Cc1ccccc1)CNc1cccnc1,-10.0
N#Cc1cccc(C2CCOCCN2)n1,-10.0
CC=CC(=O)C(N)Cc1ccccc1,-10.0
NC12CCCC1CCC2,-10.0
Cc1ccnc(CNC(C)(C)C)c1,-10.0
O=C1CCCCC1(O)Cc1ccsc1,-10.0
CC(=O)NCC1CCCCN1Cc1ccsc1,-10.0
C=COc1cnccc1C,-10.0
CCC(CO)N(C)C(=O)c1ccccc1,-10.0
C=CC(C)(C)CNc1ncccc1C#N,-10.0
CCC(CC)Nc1ccccc1C(=O)OC,-10.0
CN1CCC(C=O)c2ccccc21,-10.0
O=C(O)CNc1ccncn1,-10.0
O=C(O)CCCCC=Cc1ccccc1,-10.0
CN(N)C(=O)c1ccc(C#N)cn1,-10.0
CNc1cncc(N2CCCOCC2)c1,-10.0
CCC(O)C(C)Nc1cc(C)ccn1,-10.0
N#CCNC(=O)CCCc1ccccc1,-10.0
CC#CCC(CSc1ccccc1)NN,-10.0
CC(C)CC(C)Nc1ccc(C#N)cn1,-10.0
CC(O)CC(C)c1cncnc1,-10.0
CCCN(C)Cc1cncnc1,-10.0
Cc1ccncc1C(CC(C)C)NN,-10.0
CN(C)Cc1ncc(N)c(O)n1,-10.0
NC1CC2CC(=O)CC2C1,-10.0
C=CC(CO)NC(C)c1cnccc1C,-10.0
Nc1cnncn1,-10.0
CC(C)CCN(N)c1ccccc1,-10.0
COCC(C)CC(N)c1cnccc1C,-10.0
C(=Cc1ccccn1)c1ccccc1,-10.0
CN(CC(=O)O)c1ccc(C#N)cn1,-10.0
C=CCCc1cc(C)ccn1,-10.0
CONCCNc1ncccc1C#N,-10.0
CC1NC(=O)N(CC(N)=O)C1=O,-10.0
C#CC(=O)c1ccncn1,-10.0
COCCOCCOc1cnccc1C,-10.0
CNC(C)(C)CNCc1cnccc1C,-10.0
CC(C)N(C)c1ccc(C#N)cn1,-10.0
CC(O)C=CC=Cc1ccccc1,-10.0
CCC(N)CNc1ccncn1,-10.0
N#CCC(=O)Nc1ccc(C#N)cn1,-10.0
CCNC(=N)c1cc(C)ccn1,-10.0
CN(C)CCNc1ccncc1C#N,-10.0
CC(CCO)SCC(O)COCc1ccccc1,-10.0
CCNc1ncccc1CSC(C)C,-10.0
C=C(C)CN(C)c1cccc(NCC)n1,-10.0
CC(C)(O)CNc1ccncc1C#N,-10.0
C=C1CON(c2ccnc(C#N)c2)C1,-10.0
O=C(Cc1ccsc1)Nc1cccnc1,-10.0
C=C1CC(N)C12CCC2,-10.0
COC(C)(C)CNc1cc(C)ccn1,-10.0
CCNC(C)(C)C(=O)c1cnccc1C,-10.0
Cc1ccncc1C#CC(C)N,-10.0
CCNc1sc2c(c1C#N)CCC2,-10.0
NC1C(=O)SC12CCC2,-10.0
CCC=CCNc1ncccn1,-10.0
CC(C)=CCCNc1ccc(C#N)cn1,-10.0
CCC(CC)NCc1ccc(C#N)cn1,-10.0
CC=CC(=O)c1cnccc1C,-10.0
CC(CC1CCCCC1)NCc1ccncc1,-10.0
O=C(CCc1ccccc1)c1cccnc1,-10.0
CCNc1ccc(CN(C)OC)cn1,-10.0
CC(C)CCCNc1ccc(C#N)cn1,-10.0
CC(C)(N)COCc1cncc(C#N)c1,-10.0
Cc1ccncc1C(O)C(C)CCN,-10.0
CC(C)(C)C(O)c1ncccn1,-10.0
C=CCCC(N)c1cc(C)ccn1,-10.0
Cc1ccncc1C(C)(N)CCN(C)C,-10.0
CCC(CC(=O)OC)Nc1ccccc1,-10.0
CC(C)CCSc1ccncc1C#N,-10.0
C=CC=CCCC(O)c1cc(C)ccn1,-10.0
O=C(CC1CCCCC1)NC1CCCOC1,-10.0
CCNC(C#N)c1cnccc1C,-10.0
CCNc1ccc(C(=O)OC)cn1,-10.0
CCNS(=O)(=O)CC1CCCC1,-10.0
N#CC1CCC(CCN)C1,-10.0
N#Cc1cc(N2CCNNCC2)ccn1,-10.0
COC(=O)c1cccc(C(N)N=O)c1,-10.0
NC(Cc1ccncn1)C(=O)O,-10.0
Cc1ccsc1C1(O)CCC2CCCC21,-10.0
CC(C)SCC(O)(CN)c1ccccc1,-10.0
CN1CCC(OC2CCC(=O)CC2)CC1,-10.0
Cc1cnn(CC(N)=O)c(=O)c1,-10.0
CCSc1ncc(N)cn1,-10.0
Cc1cscc1C1NCCCCC1O,-10.0
O=C(CSc1ccccn1)NC1CCCCC1,-10.0
COCCNc1ccncc1C#N,-10.0
CC(CC(=O)O)c1ncccn1,-10.0
CCNC1CCCOC1C#N,-10.0
CCC(N)C(CC)(CCO)c1ccccc1,-10.0
CC12CC(CO1)N(CC(N)=O)C2,-10.0
CC(C)NC(=O)c1ccncn1,-10.0
CC(CN)C(=O)NCCOCc1ccccc1,-10.0
O=C(O)C=Cc1ncccn1,-10.0
CC(C#N)Cc1cccc2c1CCCN2C,-10.0
Cc1ccnc(CCON)c1,-10.0
CN(CC1COCCN1)c1ccccc1C#N,-10.0
NN1CC(=O)NC1=O,-10.0
CCNC(CCSC)c1cnccc1C,-10.0
CCC(CN)C(=O)Nc1cnccc1C,-10.0
CNCC(O)c1cncnc1,-10.0
CC(=Cc1ccccc1)CCS,-10.0
CC(C)C(C)OCc1cncc(C#N)c1,-10.0
Cc1ccncc1CC(N)=O,-10.0
NC1CCC2CC1CN2,-10.0
N#CN(Cc1ccccc1)c1ccccn1,-10.0
CCCC(=O)c1ccncn1,-10.0
C=CCN(CCO)c1ccncc1C#N,-10.0
COC(=O)c1ccccc1CCC(=O)O,-10.0
O=C(O)CCSc1ccncn1,-10.0
Cc1ccccc1OCCN1CCN(C)CC1,-10.0
CCN(CC(=O)NC)c1ncccc1C#N,-10.0
CCCCC(CC)COc1ccccc1,-10.0
CCNc1cccc(NC(C)(CC)CO)n1,-10.0
Cc1ccncc1C(N)CCN(C)C,-10.0
CCC(CN)Nc1ccncn1,-10.0
CCC(C)(C)C(NC)c1cnccc1C,-10.0
COCCCN(C)c1ccc(C#N)cn1,-10.0
CCNS(=O)(=O)Cc1cccnc1,-10.0
COC(=O)c1ccccc1CCN=C=O,-10.0
CCCSCc1cncc(C#N)c1,-10.0
C=CCC(=O)Cc1ccccc1,-10.0
C=CCN(CC)c1cc(C)ccn1,-10.0
CCNc1ncccc1CN(C)CCO,-10.0
c1cncc(CCNC2CCCCC2)c1,-10.0
COC(C)(C)CC=C1CC(N)C1,-10.0
CN1CCCc2ccccc21,-10.0
CC(Cc1cccnc1)NC1CCCCC1,-10.0
CCC(C)(C)c1ncc(N)cn1,-10.0
C#CCC(CC)NCc1cnccc1C,-10.0
Nc1cncnc1CO,-10.0
Cc1ccncc1C(C)C(C)C(=O)O,-10.0
COC(=O)C(c1cnccc1C)C(C)C,-10.0
CNCCOc1ncccn1,-10.0
Cc1ccnc(CNCCOC(C)C)c1,-10.0
CC(C)(C#N)c1ncccn1,-10.0
OCCC(c1ccccc1)c1ccncc1,-10.0
NS(=O)(=O)c1ccccc1C=CC=O,-10.0
Nc1ccncc1,-10.0
NC1=CCNC(=O)N1,-10.0
CCNc1cc(N(C)CC(N)=O)ccn1,-10.0
CCN(CC)CCN(CC)Cc1ccccc1,-10.0
CCCOCC(=O)c1cnccc1C,-10.0
S=C(NCc1cccnc1)NC1CCCCC1,-10.0
C#CC(C)Oc1ccnc(NCC)c1,-10.0
COCSc1ccc(C#N)cn1,-10.0
Cc1ccncc1CCC(=O)O,-10.0
COC(=O)COC(N)COCc1ccccc1,-10.0
C=CCCC=C1CCCC1N,-10.0
CNCCCOc1cncnc1,-10.0
NC(=O)c1ncc(N)cn1,-10.0
CCNc1cccc(NCC(C)(O)CC)n1,-10.0
Cc1ccnc(C(C)NCCC#N)c1,-10.0
OC1(Cc2ccsc2)CCNC1,-10.0
CCOCC(C)NC(=O)OCc1ccccc1,-10.0
CCNc1cc(N(CC)C(C)C)ccn1,-10.0
Cc1ccnc(NCCC(=O)N(C)C)c1,-10.0
CC1CCN(Cc2ccsc2)CC1,-10.0
O=C(COc1cccnc1)NC1CCCCC1,-10.0
CCCCCCCOc1ccc(C#N)cn1,-10.0
CCC(CC)=C1CCCCC1N,-10.0
CCS(=O)(=O)CCNCCc1ccccc1,-10.0
C#CCOCSc1ncccn1,-10.0
CCCC(O)CNc1ncccc1C#N,-10.0
C=CCNCC(=O)Nc1cnccc1C,-10.0
CCCC(C)OCc1cncc(C#N)c1,-10.0
Cc1ccnc(CNC(CO)C(C)C)c1,-10.0
CCN(C)c1ccncc1C#N,-10.0
COc1nc(SC)ncc1N,-10.0
NC1CCCCS1(=O)=O,-10.0
CN(CCO)C(C(N)=O)c1ccccc1,-10.0
CCOc1ncnc(SC)c1N,-10.0
CCOCC(N)c1cc(C)ccn1,-10.0
CC(O)CN(C)c1ccncn1,-10.0
CCNC1(C#N)CC2C=CC1C2,-10.0
N#CCC(c1ccccc1)c1ccncc1,-10.0
O=C(NCCc1ccncc1)NC1CCNC1,-10.0
NS(=O)(=O)c1ccccc1NCCO,-10.0
CCCNC(C)CCc1cnccc1C,-10.0
CCCNC1CCCN(Cc2ccsc2)C1,-10.0
NC1COCCOC1,-10.0
CCCCC(O)c1cnccc1C,-10.0
CN1CCCc2cc(C(=O)NN)ccc21,-10.0
CNC(=O)CNCc1cncc(C#N)c1,-10.0
C=C(C)CNCCCN(C)Cc1ccccc1,-10.0
N#CC=Cc1ccncn1,-10.0
CCN(CCN)c1ccncn1,-10.0
CCNC(C)CNc1ncccc1C#N,-10.0
NN1CCC2(CC1)CC2,-10.0
Cc1ccnc(OCCCC(C)CN)c1,-10.0
CON(c1ccncc1C#N)C(C)C,-10.0
CNCCCCc1ccc2c(c1)CCCN2C,-10.0
CCNC1(C#N)CC2CCC(C1)S2,-10.0
COC(=O)c1ccc(C(C)SC)cc1,-10.0
N#Cc1ncccc1N1CCC(=O)C1,-10.0
CNCCSCc1cncc(C#N)c1,-10.0
NC1=NC(=O)C(=CC(=O)O)S1,-10.0
C=C(CC)CC(C)C(O)c1ccccc1,-10.0
N#CCC(CN)c1cncnc1,-10.0
